,AA Ocean Capstone Wind Tunnel Test,,,,,,,,,,,,,
,7-11 May 2026,,,,,,,,,,,,,
,KW,,,,,,,,,,Try to keep these updated,,,
Run Number,Configuration,,q,AoA,Sideslip,Notes,,,Crew,,Run time (min),Total time (min),Total time (hr),Complete
1,Nominal WT Tare,,-,-,-,Just zero the balance here,,,,,10,10,0.17,Y
2,Nominal,,15,0,0,,,,,,5,15,0.25,
3,^,,^,^,2,,,,,,2,17,0.28,
4,^,,^,^,4,,,,,,2,19,0.32,
5,^,,^,^,6,,,,,,2,21,0.35,
6,^,,^,^,8,,,,,,2,23,0.38,
7,^,,^,^,10,,,,,,2,25,0.42,
8,^,,^,^,11,,,,,,2,27,0.45,
9,^,,^,^,12,,,,,,2,29,0.48,
10,^,,^,^,13,,,,,,2,31,0.52,
11,^,,^,^,14,,,,,,2,33,0.55,
12,^,,^,^,15,,,,,,2,35,0.58,
13,^,,^,^,14,,,,,,2,37,0.62,
14,^,,^,^,15,,,,,,2,39,0.65,
15,^,,^,2,^,,,,,,2,41,0.68,
16,^,,^,^,14,,,,,,2,43,0.72,
17,^,,^,^,13,,,,,,2,45,0.75,
18,^,,^,^,12,,,,,,2,47,0.78,
19,^,,^,^,11,,,,,,2,49,0.82,
20,^,,^,^,10,,,,,,2,51,0.85,
21,^,,^,^,8,,,,,,2,53,0.88,
22,^,,^,^,6,,,,,,2,55,0.92,
23,^,,^,^,4,,,,,,2,57,0.95,
24,^,,^,^,2,,,,,,2,59,0.98,
25,^,,^,^,0,,,,,,2,61,1.02,
26,^,,^,4,^,,,,,,2,63,1.05,
27,^,,^,^,2,,,,,,2,65,1.08,
28,^,,^,^,4,,,,,,2,67,1.12,
29,^,,^,^,6,,,,,,2,69,1.15,
30,^,,^,^,8,,,,,,2,71,1.18,
31,^,,^,^,10,,,,,,2,73,1.22,
32,^,,^,^,11,,,,,,2,75,1.25,
33,^,,^,^,12,,,,,,2,77,1.28,
34,^,,^,^,13,,,,,,2,79,1.32,
35,^,,^,^,14,,,,,,2,81,1.35,
36,^,,^,^,15,,,,,,2,83,1.38,
37,^,,^,6,^,,,,,,2,85,1.42,
38,^,,^,^,14,,,,,,2,87,1.45,
39,^,,^,^,13,,,,,,2,89,1.48,
40,^,,^,^,12,,,,,,2,91,1.52,
41,^,,^,^,11,,,,,,2,93,1.55,
42,^,,^,^,10,,,,,,2,95,1.58,
43,^,,^,^,8,,,,,,2,97,1.62,
44,^,,^,^,6,,,,,,2,99,1.65,
45,^,,^,^,4,,,,,,2,101,1.68,
46,^,,^,^,2,,,,,,2,103,1.72,
47,^,,^,^,0,,,,,,2,105,1.75,
48,^,,^,8,^,,,,,,2,107,1.78,
49,^,,^,^,2,,,,,,2,109,1.82,
50,^,,^,^,4,,,,,,2,111,1.85,
51,^,,^,^,6,,,,,,2,113,1.88,
52,^,,^,^,8,,,,,,2,115,1.92,
53,^,,^,^,10,,,,,,2,117,1.95,
54,^,,^,^,11,,,,,,2,119,1.98,
55,^,,^,^,12,,,,,,2,121,2.02,
56,^,,^,^,13,,,,,,2,123,2.05,
57,^,,^,^,14,,,,,,2,125,2.08,
58,^,,^,^,15,,,,,,2,127,2.12,
59,^,,^,10,^,,,,,,2,129,2.15,
60,^,,^,^,14,,,,,,2,131,2.18,
61,^,,^,^,13,,,,,,2,133,2.22,
62,^,,^,^,12,,,,,,2,135,2.25,
63,^,,^,^,11,,,,,,2,137,2.28,
64,^,,^,^,10,,,,,,2,139,2.32,
65,^,,^,^,8,,,,,,2,141,2.35,
66,^,,^,^,6,,,,,,2,143,2.38,
67,^,,^,^,4,,,,,,2,145,2.42,
68,^,,^,^,2,,,,,,2,147,2.45,
69,^,,^,^,0,,,,,,2,149,2.48,
70,^,,^,11,^,,,,,,2,151,2.52,
71,^,,^,^,2,,,,,,2,153,2.55,
72,^,,^,^,4,,,,,,2,155,2.58,
73,^,,^,^,6,,,,,,2,157,2.62,
74,^,,^,^,8,,,,,,2,159,2.65,
75,^,,^,^,10,,,,,,2,161,2.68,
76,^,,^,^,11,,,,,,2,163,2.72,
77,^,,^,^,12,,,,,,2,165,2.75,
78,^,,^,^,13,,,,,,2,167,2.78,
79,^,,^,^,14,,,,,,2,169,2.82,
80,^,,^,^,15,,,,,,2,171,2.85,
81,^,,^,12,^,,,,,,2,173,2.88,
82,^,,^,^,14,,,,,,2,175,2.92,
83,^,,^,^,13,,,,,,2,177,2.95,
84,^,,^,^,12,,,,,,2,179,2.98,
85,^,,^,^,11,,,,,,2,181,3.02,
86,^,,^,^,10,,,,,,2,183,3.05,
87,^,,^,^,8,,,,,,2,185,3.08,
88,^,,^,^,6,,,,,,2,187,3.12,
89,^,,^,^,4,,,,,,2,189,3.15,
90,^,,^,^,2,,,,,,2,191,3.18,
91,^,,^,^,0,,,,,,2,193,3.22,
92,^,,^,13,^,,,,,,2,195,3.25,
93,^,,^,^,2,,,,,,2,197,3.28,
94,^,,^,^,4,,,,,,2,199,3.32,
95,^,,^,^,6,,,,,,2,201,3.35,
96,^,,^,^,8,,,,,,2,203,3.38,
97,^,,^,^,10,,,,,,2,205,3.42,
98,^,,^,^,11,,,,,,2,207,3.45,
99,^,,^,^,12,,,,,,2,209,3.48,
100,^,,^,^,13,,,,,,2,211,3.52,
101,^,,^,^,14,,,,,,2,213,3.55,
102,^,,^,^,15,,,,,,2,215,3.58,
103,^,,^,14,^,,,,,,2,217,3.62,
104,^,,^,^,14,,,,,,2,219,3.65,
105,^,,^,^,13,,,,,,2,221,3.68,
106,^,,^,^,12,,,,,,2,223,3.72,
107,^,,^,^,11,,,,,,2,225,3.75,
108,^,,^,^,10,,,,,,2,227,3.78,
109,^,,^,^,8,,,,,,2,229,3.82,
110,^,,^,^,6,,,,,,2,231,3.85,
111,^,,^,^,4,,,,,,2,233,3.88,
112,^,,^,^,2,,,,,,2,235,3.92,
113,^,,^,^,0,,,,,,2,237,3.95,
114,^,,^,15,^,,,,,,2,239,3.98,
115,^,,^,^,2,,,,,,2,241,4.02,
116,^,,^,^,4,,,,,,2,243,4.05,
117,^,,^,^,6,,,,,,2,245,4.08,
118,^,,^,^,8,,,,,,2,247,4.12,
119,^,,^,^,10,,,,,,2,249,4.15,
120,^,,^,^,11,,,,,,2,251,4.18,
121,^,,^,^,12,,,,,,2,253,4.22,
122,^,,^,^,13,,,,,,2,255,4.25,
123,^,,^,^,14,,,,,,2,257,4.28,
124,^  DFMC,,^,^,15,,,,,,2,259,4.32,
125,50% rudder remaining WT TARE,,-,-,-,Just zero the balance here,,,,,10,269,4.48,
126,50% rudder remaining ,,15,0,0,,,,,,2,271,4.52,
127,^,,^,^,2,,,,,,2,273,4.55,
128,^,,^,^,4,,,,,,2,275,4.58,
129,^,,^,^,6,,,,,,2,277,4.62,
130,^,,^,^,8,,,,,,2,279,4.65,
131,^,,^,^,10,,,,,,2,281,4.68,
132,^,,^,^,11,,,,,,2,283,4.72,
133,^,,^,^,12,,,,,,2,285,4.75,
134,^,,^,^,13,,,,,,2,287,4.78,
135,^,,^,^,14,,,,,,2,289,4.82,
136,^,,^,^,15,,,,,,2,291,4.85,
137,^,,^,^,14,,,,,,2,293,4.88,
138,^,,^,^,15,,,,,,2,295,4.92,
139,^,,^,2,^,,,,,,2,297,4.95,
140,^,,^,^,14,,,,,,2,299,4.98,
141,^,,^,^,13,,,,,,2,301,5.02,
142,^,,^,^,12,,,,,,2,303,5.05,
143,^,,^,^,11,,,,,,2,305,5.08,
144,^,,^,^,10,,,,,,2,307,5.12,
145,^,,^,^,8,,,,,,2,309,5.15,
146,^,,^,^,6,,,,,,2,311,5.18,
147,^,,^,^,4,,,,,,2,313,5.22,
148,^,,^,^,2,,,,,,2,315,5.25,
149,^,,^,^,0,,,,,,2,317,5.28,
150,^,,^,4,^,,,,,,2,319,5.32,
151,^,,^,^,2,,,,,,2,321,5.35,
152,^,,^,^,4,,,,,,2,323,5.38,
153,^,,^,^,6,,,,,,2,325,5.42,
154,^,,^,^,8,,,,,,2,327,5.45,
155,^,,^,^,10,,,,,,2,329,5.48,
156,^,,^,^,11,,,,,,2,331,5.52,
157,^,,^,^,12,,,,,,2,333,5.55,
158,^,,^,^,13,,,,,,2,335,5.58,
159,^,,^,^,14,,,,,,2,337,5.62,
160,^,,^,^,15,,,,,,2,339,5.65,
161,^,,^,6,^,,,,,,2,341,5.68,
162,^,,^,^,14,,,,,,2,343,5.72,
163,^,,^,^,13,,,,,,2,345,5.75,
164,^,,^,^,12,,,,,,2,347,5.78,
165,^,,^,^,11,,,,,,2,349,5.82,
166,^,,^,^,10,,,,,,2,351,5.85,
167,^,,^,^,8,,,,,,2,353,5.88,
168,^,,^,^,6,,,,,,2,355,5.92,
169,^,,^,^,4,,,,,,2,357,5.95,
170,^,,^,^,2,,,,,,2,359,5.98,
171,^,,^,^,0,,,,,,2,361,6.02,
172,^,,^,8,^,,,,,,2,363,6.05,
173,^,,^,^,2,,,,,,2,365,6.08,
174,^,,^,^,4,,,,,,2,367,6.12,
175,^,,^,^,6,,,,,,2,369,6.15,
176,^,,^,^,8,,,,,,2,371,6.18,
177,^,,^,^,10,,,,,,2,373,6.22,
178,^,,^,^,11,,,,,,2,375,6.25,
179,^,,^,^,12,,,,,,2,377,6.28,
180,^,,^,^,13,,,,,,2,379,6.32,
181,^,,^,^,14,,,,,,2,381,6.35,
182,^,,^,^,15,,,,,,2,383,6.38,
183,^,,^,10,^,,,,,,2,385,6.42,
184,^,,^,^,14,,,,,,2,387,6.45,
185,^,,^,^,13,,,,,,2,389,6.48,
186,^,,^,^,12,,,,,,2,391,6.52,
187,^,,^,^,11,,,,,,2,393,6.55,
188,^,,^,^,10,,,,,,2,395,6.58,
189,^,,^,^,8,,,,,,2,397,6.62,
190,^,,^,^,6,,,,,,2,399,6.65,
191,^,,^,^,4,,,,,,2,401,6.68,
192,^,,^,^,2,,,,,,2,403,6.72,
193,^,,^,^,0,,,,,,2,405,6.75,
194,^,,^,11,^,,,,,,2,407,6.78,
195,^,,^,^,2,,,,,,2,409,6.82,
196,^,,^,^,4,,,,,,2,411,6.85,
197,^,,^,^,6,,,,,,2,413,6.88,
198,^,,^,^,8,,,,,,2,415,6.92,
199,^,,^,^,10,,,,,,2,417,6.95,
200,^,,^,^,11,,,,,,2,419,6.98,
201,^,,^,^,12,,,,,,2,421,7.02,
202,^,,^,^,13,,,,,,2,423,7.05,
203,^,,^,^,14,,,,,,2,425,7.08,
204,^,,^,^,15,,,,,,2,427,7.12,
205,^,,^,12,^,,,,,,2,429,7.15,
206,^,,^,^,14,,,,,,2,431,7.18,
207,^,,^,^,13,,,,,,2,433,7.22,
208,^,,^,^,12,,,,,,2,435,7.25,
209,^,,^,^,11,,,,,,2,437,7.28,
210,^,,^,^,10,,,,,,2,439,7.32,
211,^,,^,^,8,,,,,,2,441,7.35,
212,^,,^,^,6,,,,,,2,443,7.38,
213,^,,^,^,4,,,,,,2,445,7.42,
214,^,,^,^,2,,,,,,2,447,7.45,
215,^,,^,^,0,,,,,,2,449,7.48,
216,^,,^,13,^,,,,,,2,451,7.52,
217,^,,^,^,2,,,,,,2,453,7.55,
218,^,,^,^,4,,,,,,2,455,7.58,
219,^,,^,^,6,,,,,,2,457,7.62,
220,^,,^,^,8,,,,,,2,459,7.65,
221,^,,^,^,10,,,,,,2,461,7.68,
222,^,,^,^,11,,,,,,2,463,7.72,
223,^,,^,^,12,,,,,,2,465,7.75,
224,^,,^,^,13,,,,,,2,467,7.78,
225,^,,^,^,14,,,,,,2,469,7.82,
226,^,,^,^,15,,,,,,2,471,7.85,
227,^,,^,14,^,,,,,,2,473,7.88,
228,^,,^,^,14,,,,,,2,475,7.92,
229,^,,^,^,13,,,,,,2,477,7.95,
230,^,,^,^,12,,,,,,2,479,7.98,
231,^,,^,^,11,,,,,,2,481,8.02,
232,^,,^,^,10,,,,,,2,483,8.05,
233,^,,^,^,8,,,,,,2,485,8.08,
234,^,,^,^,6,,,,,,2,487,8.12,
235,^,,^,^,4,,,,,,2,489,8.15,
236,^,,^,^,2,,,,,,2,491,8.18,
237,^,,^,^,0,,,,,,2,493,8.22,
238,^,,^,15,^,,,,,,2,495,8.25,
239,^,,^,^,2,,,,,,2,497,8.28,
240,^,,^,^,4,,,,,,2,499,8.32,
241,^,,^,^,6,,,,,,2,501,8.35,
242,^,,^,^,8,,,,,,2,503,8.38,
243,^,,^,^,10,,,,,,2,505,8.42,
244,^,,^,^,11,,,,,,2,507,8.45,
245,^,,^,^,12,,,,,,2,509,8.48,
246,^,,^,^,13,,,,,,2,511,8.52,
247,^,,^,^,14,,,,,,2,513,8.55,
248,^  DFMC,,^,^,15,,,,,,2,515,8.58,
249,50% rudder UD WT TARE,,-,-,-,Just zero the balance here,,,,,10,525,8.75,
250,50% rudder remaining UD,,15,0,0,,,,,,2,527,8.78,
251,^,,^,^,2,,,,,,2,529,8.82,
252,^,,^,^,4,,,,,,2,531,8.85,
253,^,,^,^,6,,,,,,2,533,8.88,
254,^,,^,^,8,,,,,,2,535,8.92,
255,^,,^,^,10,,,,,,2,537,8.95,
256,^,,^,^,11,,,,,,2,539,8.98,
257,^,,^,^,12,,,,,,2,541,9.02,
258,^,,^,^,13,,,,,,2,543,9.05,
259,^,,^,^,14,,,,,,2,545,9.08,
260,^,,^,^,15,,,,,,2,547,9.12,
261,^,,^,^,14,,,,,,2,549,9.15,
262,^,,^,^,15,,,,,,2,551,9.18,
263,^,,^,2,^,,,,,,2,553,9.22,
264,^,,^,^,14,,,,,,2,555,9.25,
265,^,,^,^,13,,,,,,2,557,9.28,
266,^,,^,^,12,,,,,,2,559,9.32,
267,^,,^,^,11,,,,,,2,561,9.35,
268,^,,^,^,10,,,,,,2,563,9.38,
269,^,,^,^,8,,,,,,2,565,9.42,
270,^,,^,^,6,,,,,,2,567,9.45,
271,^,,^,^,4,,,,,,2,569,9.48,
272,^,,^,^,2,,,,,,2,571,9.52,
273,^,,^,^,0,,,,,,2,573,9.55,
274,^,,^,4,^,,,,,,2,575,9.58,
275,^,,^,^,2,,,,,,2,577,9.62,
276,^,,^,^,4,,,,,,2,579,9.65,
277,^,,^,^,6,,,,,,2,581,9.68,
278,^,,^,^,8,,,,,,2,583,9.72,
279,^,,^,^,10,,,,,,2,585,9.75,
280,^,,^,^,11,,,,,,2,587,9.78,
281,^,,^,^,12,,,,,,2,589,9.82,
282,^,,^,^,13,,,,,,2,591,9.85,
283,^,,^,^,14,,,,,,2,593,9.88,
284,^,,^,^,15,,,,,,2,595,9.92,
285,^,,^,6,^,,,,,,2,597,9.95,
286,^,,^,^,14,,,,,,2,599,9.98,
287,^,,^,^,13,,,,,,2,601,10.02,
288,^,,^,^,12,,,,,,2,603,10.05,
289,^,,^,^,11,,,,,,2,605,10.08,
290,^,,^,^,10,,,,,,2,607,10.12,
291,^,,^,^,8,,,,,,2,609,10.15,
292,^,,^,^,6,,,,,,2,611,10.18,
293,^,,^,^,4,,,,,,2,613,10.22,
294,^,,^,^,2,,,,,,2,615,10.25,
295,^,,^,^,0,,,,,,2,617,10.28,
296,^,,^,8,^,,,,,,2,619,10.32,
297,^,,^,^,2,,,,,,2,621,10.35,
298,^,,^,^,4,,,,,,2,623,10.38,
299,^,,^,^,6,,,,,,2,625,10.42,
300,^,,^,^,8,,,,,,2,627,10.45,
301,^,,^,^,10,,,,,,2,629,10.48,
302,^,,^,^,11,,,,,,2,631,10.52,
303,^,,^,^,12,,,,,,2,633,10.55,
304,^,,^,^,13,,,,,,2,635,10.58,
305,^,,^,^,14,,,,,,2,637,10.62,
306,^,,^,^,15,,,,,,2,639,10.65,
307,^,,^,10,^,,,,,,2,641,10.68,
308,^,,^,^,14,,,,,,2,643,10.72,
309,^,,^,^,13,,,,,,2,645,10.75,
310,^,,^,^,12,,,,,,2,647,10.78,
311,^,,^,^,11,,,,,,2,649,10.82,
312,^,,^,^,10,,,,,,2,651,10.85,
313,^,,^,^,8,,,,,,2,653,10.88,
314,^,,^,^,6,,,,,,2,655,10.92,
315,^,,^,^,4,,,,,,2,657,10.95,
316,^,,^,^,2,,,,,,2,659,10.98,
317,^,,^,^,0,,,,,,2,661,11.02,
318,^,,^,11,^,,,,,,2,663,11.05,
319,^,,^,^,2,,,,,,2,665,11.08,
320,^,,^,^,4,,,,,,2,667,11.12,
321,^,,^,^,6,,,,,,2,669,11.15,
322,^,,^,^,8,,,,,,2,671,11.18,
323,^,,^,^,10,,,,,,2,673,11.22,
324,^,,^,^,11,,,,,,2,675,11.25,
325,^,,^,^,12,,,,,,2,677,11.28,
326,^,,^,^,13,,,,,,2,679,11.32,
327,^,,^,^,14,,,,,,2,681,11.35,
328,^,,^,^,15,,,,,,2,683,11.38,
329,^,,^,12,^,,,,,,2,685,11.42,
330,^,,^,^,14,,,,,,2,687,11.45,
331,^,,^,^,13,,,,,,2,689,11.48,
332,^,,^,^,12,,,,,,2,691,11.52,
333,^,,^,^,11,,,,,,2,693,11.55,
334,^,,^,^,10,,,,,,2,695,11.58,
335,^,,^,^,8,,,,,,2,697,11.62,
336,^,,^,^,6,,,,,,2,699,11.65,
337,^,,^,^,4,,,,,,2,701,11.68,
338,^,,^,^,2,,,,,,2,703,11.72,
339,^,,^,^,0,,,,,,2,705,11.75,
340,^,,^,13,^,,,,,,2,707,11.78,
341,^,,^,^,2,,,,,,2,709,11.82,
342,^,,^,^,4,,,,,,2,711,11.85,
343,^,,^,^,6,,,,,,2,713,11.88,
344,^,,^,^,8,,,,,,2,715,11.92,
345,^,,^,^,10,,,,,,2,717,11.95,
346,^,,^,^,11,,,,,,2,719,11.98,
347,^,,^,^,12,,,,,,2,721,12.02,
348,^,,^,^,13,,,,,,2,723,12.05,
349,^,,^,^,14,,,,,,2,725,12.08,
350,^,,^,^,15,,,,,,2,727,12.12,
351,^,,^,14,^,,,,,,2,729,12.15,
352,^,,^,^,14,,,,,,2,731,12.18,
353,^,,^,^,13,,,,,,2,733,12.22,
354,^,,^,^,12,,,,,,2,735,12.25,
355,^,,^,^,11,,,,,,2,737,12.28,
356,^,,^,^,10,,,,,,2,739,12.32,
357,^,,^,^,8,,,,,,2,741,12.35,
358,^,,^,^,6,,,,,,2,743,12.38,
359,^,,^,^,4,,,,,,2,745,12.42,
360,^,,^,^,2,,,,,,2,747,12.45,
361,^,,^,^,0,,,,,,2,749,12.48,
362,^,,^,15,^,,,,,,2,751,12.52,
363,^,,^,^,2,,,,,,2,753,12.55,
364,^,,^,^,4,,,,,,2,755,12.58,
365,^,,^,^,6,,,,,,2,757,12.62,
366,^,,^,^,8,,,,,,2,759,12.65,
367,^,,^,^,10,,,,,,2,761,12.68,
368,^,,^,^,11,,,,,,2,763,12.72,
369,^,,^,^,12,,,,,,2,765,12.75,
370,^,,^,^,13,,,,,,2,767,12.78,
371,^,,^,^,14,,,,,,2,769,12.82,
372,^  DFMC,,^,^,15,,,,,,2,771,12.85,
373,33% rudder remaining UD WT TARE,,-,-,-,Just zero the balance here,,,,,10,781,13.02,
374,33% rudder remaining,,15,0,0,,,,,,2,783,13.05,
375,^,,^,^,2,,,,,,2,785,13.08,
376,^,,^,^,4,,,,,,2,787,13.12,
377,^,,^,^,6,,,,,,2,789,13.15,
378,^,,^,^,8,,,,,,2,791,13.18,
379,^,,^,^,10,,,,,,2,793,13.22,
380,^,,^,^,11,,,,,,2,795,13.25,
381,^,,^,^,12,,,,,,2,797,13.28,
382,^,,^,^,13,,,,,,2,799,13.32,
383,^,,^,^,14,,,,,,2,801,13.35,
384,^,,^,^,15,,,,,,2,803,13.38,
385,^,,^,^,14,,,,,,2,805,13.42,
386,^,,^,^,15,,,,,,2,807,13.45,
387,^,,^,2,^,,,,,,2,809,13.48,
388,^,,^,^,14,,,,,,2,811,13.52,
389,^,,^,^,13,,,,,,2,813,13.55,
390,^,,^,^,12,,,,,,2,815,13.58,
391,^,,^,^,11,,,,,,2,817,13.62,
392,^,,^,^,10,,,,,,2,819,13.65,
393,^,,^,^,8,,,,,,2,821,13.68,
394,^,,^,^,6,,,,,,2,823,13.72,
395,^,,^,^,4,,,,,,2,825,13.75,
396,^,,^,^,2,,,,,,2,827,13.78,
397,^,,^,^,0,,,,,,2,829,13.82,
398,^,,^,4,^,,,,,,2,831,13.85,
399,^,,^,^,2,,,,,,2,833,13.88,
400,^,,^,^,4,,,,,,2,835,13.92,
401,^,,^,^,6,,,,,,2,837,13.95,
402,^,,^,^,8,,,,,,2,839,13.98,
403,^,,^,^,10,,,,,,2,841,14.02,
404,^,,^,^,11,,,,,,2,843,14.05,
405,^,,^,^,12,,,,,,2,845,14.08,
406,^,,^,^,13,,,,,,2,847,14.12,
407,^,,^,^,14,,,,,,2,849,14.15,
408,^,,^,^,15,,,,,,2,851,14.18,
409,^,,^,6,^,,,,,,2,853,14.22,
410,^,,^,^,14,,,,,,2,855,14.25,
411,^,,^,^,13,,,,,,2,857,14.28,
412,^,,^,^,12,,,,,,2,859,14.32,
413,^,,^,^,11,,,,,,2,861,14.35,
414,^,,^,^,10,,,,,,2,863,14.38,
415,^,,^,^,8,,,,,,2,865,14.42,
416,^,,^,^,6,,,,,,2,867,14.45,
417,^,,^,^,4,,,,,,2,869,14.48,
418,^,,^,^,2,,,,,,2,871,14.52,
419,^,,^,^,0,,,,,,2,873,14.55,
420,^,,^,8,^,,,,,,2,875,14.58,
421,^,,^,^,2,,,,,,2,877,14.62,
422,^,,^,^,4,,,,,,2,879,14.65,
423,^,,^,^,6,,,,,,2,881,14.68,
424,^,,^,^,8,,,,,,2,883,14.72,
425,^,,^,^,10,,,,,,2,885,14.75,
426,^,,^,^,11,,,,,,2,887,14.78,
427,^,,^,^,12,,,,,,2,889,14.82,
428,^,,^,^,13,,,,,,2,891,14.85,
429,^,,^,^,14,,,,,,2,893,14.88,
430,^,,^,^,15,,,,,,2,895,14.92,
431,^,,^,10,^,,,,,,2,897,14.95,
432,^,,^,^,14,,,,,,2,899,14.98,
433,^,,^,^,13,,,,,,2,901,15.02,
434,^,,^,^,12,,,,,,2,903,15.05,
435,^,,^,^,11,,,,,,2,905,15.08,
436,^,,^,^,10,,,,,,2,907,15.12,
437,^,,^,^,8,,,,,,2,909,15.15,
438,^,,^,^,6,,,,,,2,911,15.18,
439,^,,^,^,4,,,,,,2,913,15.22,
440,^,,^,^,2,,,,,,2,915,15.25,
441,^,,^,^,0,,,,,,2,917,15.28,
442,^,,^,11,^,,,,,,2,919,15.32,
443,^,,^,^,2,,,,,,2,921,15.35,
444,^,,^,^,4,,,,,,2,923,15.38,
445,^,,^,^,6,,,,,,2,925,15.42,
446,^,,^,^,8,,,,,,2,927,15.45,
447,^,,^,^,10,,,,,,2,929,15.48,
448,^,,^,^,11,,,,,,2,931,15.52,
449,^,,^,^,12,,,,,,2,933,15.55,
450,^,,^,^,13,,,,,,2,935,15.58,
451,^,,^,^,14,,,,,,2,937,15.62,
452,^,,^,^,15,,,,,,2,939,15.65,
453,^,,^,12,^,,,,,,2,941,15.68,
454,^,,^,^,14,,,,,,2,943,15.72,
455,^,,^,^,13,,,,,,2,945,15.75,
456,^,,^,^,12,,,,,,2,947,15.78,
457,^,,^,^,11,,,,,,2,949,15.82,
458,^,,^,^,10,,,,,,2,951,15.85,
459,^,,^,^,8,,,,,,2,953,15.88,
460,^,,^,^,6,,,,,,2,955,15.92,
461,^,,^,^,4,,,,,,2,957,15.95,
462,^,,^,^,2,,,,,,2,959,15.98,
463,^,,^,^,0,,,,,,2,961,16.02,
464,^,,^,13,^,,,,,,2,963,16.05,
465,^,,^,^,2,,,,,,2,965,16.08,
466,^,,^,^,4,,,,,,2,967,16.12,
467,^,,^,^,6,,,,,,2,969,16.15,
468,^,,^,^,8,,,,,,2,971,16.18,
469,^,,^,^,10,,,,,,2,973,16.22,
470,^,,^,^,11,,,,,,2,975,16.25,
471,^,,^,^,12,,,,,,2,977,16.28,
472,^,,^,^,13,,,,,,2,979,16.32,
473,^,,^,^,14,,,,,,2,981,16.35,
474,^,,^,^,15,,,,,,2,983,16.38,
475,^,,^,14,^,,,,,,2,985,16.42,
476,^,,^,^,14,,,,,,2,987,16.45,
477,^,,^,^,13,,,,,,2,989,16.48,
478,^,,^,^,12,,,,,,2,991,16.52,
479,^,,^,^,11,,,,,,2,993,16.55,
480,^,,^,^,10,,,,,,2,995,16.58,
481,^,,^,^,8,,,,,,2,997,16.62,
482,^,,^,^,6,,,,,,2,999,16.65,
483,^,,^,^,4,,,,,,2,1001,16.68,
484,^,,^,^,2,,,,,,2,1003,16.72,
485,^,,^,^,0,,,,,,2,1005,16.75,
486,^,,^,15,^,,,,,,2,1007,16.78,
487,^,,^,^,2,,,,,,2,1009,16.82,
488,^,,^,^,4,,,,,,2,1011,16.85,
489,^,,^,^,6,,,,,,2,1013,16.88,
490,^,,^,^,8,,,,,,2,1015,16.92,
491,^,,^,^,10,,,,,,2,1017,16.95,
492,^,,^,^,11,,,,,,2,1019,16.98,
493,^,,^,^,12,,,,,,2,1021,17.02,
494,^,,^,^,13,,,,,,2,1023,17.05,
495,^,,^,^,14,,,,,,2,1025,17.08,
496,^  DFMC,,^,^,15,,,,,,2,1027,17.12,
497,33% rudder WT TARE,,-,-,-,Just zero the balance here,,,,,10,1037,17.28,
498,33% rudder remaining UD,,15,0,0,,,,,,2,1039,17.32,
499,^,,^,^,2,,,,,,2,1041,17.35,
500,^,,^,^,4,,,,,,2,1043,17.38,
501,^,,^,^,6,,,,,,2,1045,17.42,
502,^,,^,^,8,,,,,,2,1047,17.45,
503,^,,^,^,10,,,,,,2,1049,17.48,
504,^,,^,^,11,,,,,,2,1051,17.52,
505,^,,^,^,12,,,,,,2,1053,17.55,
506,^,,^,^,13,,,,,,2,1055,17.58,
507,^,,^,^,14,,,,,,2,1057,17.62,
508,^,,^,^,15,,,,,,2,1059,17.65,
509,^,,^,^,14,,,,,,2,1061,17.68,
510,^,,^,^,15,,,,,,2,1063,17.72,
511,^,,^,2,^,,,,,,2,1065,17.75,
512,^,,^,^,14,,,,,,2,1067,17.78,
513,^,,^,^,13,,,,,,2,1069,17.82,
514,^,,^,^,12,,,,,,2,1071,17.85,
515,^,,^,^,11,,,,,,2,1073,17.88,
516,^,,^,^,10,,,,,,2,1075,17.92,
517,^,,^,^,8,,,,,,2,1077,17.95,
518,^,,^,^,6,,,,,,2,1079,17.98,
519,^,,^,^,4,,,,,,2,1081,18.02,
520,^,,^,^,2,,,,,,2,1083,18.05,
521,^,,^,^,0,,,,,,2,1085,18.08,
522,^,,^,4,^,,,,,,2,1087,18.12,
523,^,,^,^,2,,,,,,2,1089,18.15,
524,^,,^,^,4,,,,,,2,1091,18.18,
525,^,,^,^,6,,,,,,2,1093,18.22,
526,^,,^,^,8,,,,,,2,1095,18.25,
527,^,,^,^,10,,,,,,2,1097,18.28,
528,^,,^,^,11,,,,,,2,1099,18.32,
529,^,,^,^,12,,,,,,2,1101,18.35,
530,^,,^,^,13,,,,,,2,1103,18.38,
531,^,,^,^,14,,,,,,2,1105,18.42,
532,^,,^,^,15,,,,,,2,1107,18.45,
533,^,,^,6,^,,,,,,2,1109,18.48,
534,^,,^,^,14,,,,,,2,1111,18.52,
535,^,,^,^,13,,,,,,2,1113,18.55,
536,^,,^,^,12,,,,,,2,1115,18.58,
537,^,,^,^,11,,,,,,2,1117,18.62,
538,^,,^,^,10,,,,,,2,1119,18.65,
539,^,,^,^,8,,,,,,2,1121,18.68,
540,^,,^,^,6,,,,,,2,1123,18.72,
541,^,,^,^,4,,,,,,2,1125,18.75,
542,^,,^,^,2,,,,,,2,1127,18.78,
543,^,,^,^,0,,,,,,2,1129,18.82,
544,^,,^,8,^,,,,,,2,1131,18.85,
545,^,,^,^,2,,,,,,2,1133,18.88,
546,^,,^,^,4,,,,,,2,1135,18.92,
547,^,,^,^,6,,,,,,2,1137,18.95,
548,^,,^,^,8,,,,,,2,1139,18.98,
549,^,,^,^,10,,,,,,2,1141,19.02,
550,^,,^,^,11,,,,,,2,1143,19.05,
551,^,,^,^,12,,,,,,2,1145,19.08,
552,^,,^,^,13,,,,,,2,1147,19.12,
553,^,,^,^,14,,,,,,2,1149,19.15,
554,^,,^,^,15,,,,,,2,1151,19.18,
555,^,,^,10,^,,,,,,2,1153,19.22,
556,^,,^,^,14,,,,,,2,1155,19.25,
557,^,,^,^,13,,,,,,2,1157,19.28,
558,^,,^,^,12,,,,,,2,1159,19.32,
559,^,,^,^,11,,,,,,2,1161,19.35,
560,^,,^,^,10,,,,,,2,1163,19.38,
561,^,,^,^,8,,,,,,2,1165,19.42,
562,^,,^,^,6,,,,,,2,1167,19.45,
563,^,,^,^,4,,,,,,2,1169,19.48,
564,^,,^,^,2,,,,,,2,1171,19.52,
565,^,,^,^,0,,,,,,2,1173,19.55,
566,^,,^,11,^,,,,,,2,1175,19.58,
567,^,,^,^,2,,,,,,2,1177,19.62,
568,^,,^,^,4,,,,,,2,1179,19.65,
569,^,,^,^,6,,,,,,2,1181,19.68,
570,^,,^,^,8,,,,,,2,1183,19.72,
571,^,,^,^,10,,,,,,2,1185,19.75,
572,^,,^,^,11,,,,,,2,1187,19.78,
573,^,,^,^,12,,,,,,2,1189,19.82,
574,^,,^,^,13,,,,,,2,1191,19.85,
575,^,,^,^,14,,,,,,2,1193,19.88,
576,^,,^,^,15,,,,,,2,1195,19.92,
577,^,,^,12,^,,,,,,2,1197,19.95,
578,^,,^,^,14,,,,,,2,1199,19.98,
579,^,,^,^,13,,,,,,2,1201,20.02,
580,^,,^,^,12,,,,,,2,1203,20.05,
581,^,,^,^,11,,,,,,2,1205,20.08,
582,^,,^,^,10,,,,,,2,1207,20.12,
583,^,,^,^,8,,,,,,2,1209,20.15,
584,^,,^,^,6,,,,,,2,1211,20.18,
585,^,,^,^,4,,,,,,2,1213,20.22,
586,^,,^,^,2,,,,,,2,1215,20.25,
587,^,,^,^,0,,,,,,2,1217,20.28,
588,^,,^,13,^,,,,,,2,1219,20.32,
589,^,,^,^,2,,,,,,2,1221,20.35,
590,^,,^,^,4,,,,,,2,1223,20.38,
591,^,,^,^,6,,,,,,2,1225,20.42,
592,^,,^,^,8,,,,,,2,1227,20.45,
593,^,,^,^,10,,,,,,2,1229,20.48,
594,^,,^,^,11,,,,,,2,1231,20.52,
595,^,,^,^,12,,,,,,2,1233,20.55,
596,^,,^,^,13,,,,,,2,1235,20.58,
597,^,,^,^,14,,,,,,2,1237,20.62,
598,^,,^,^,15,,,,,,2,1239,20.65,
599,^,,^,14,^,,,,,,2,1241,20.68,
600,^,,^,^,14,,,,,,2,1243,20.72,
601,^,,^,^,13,,,,,,2,1245,20.75,
602,^,,^,^,12,,,,,,2,1247,20.78,
603,^,,^,^,11,,,,,,2,1249,20.82,
604,^,,^,^,10,,,,,,2,1251,20.85,
605,^,,^,^,8,,,,,,2,1253,20.88,
606,^,,^,^,6,,,,,,2,1255,20.92,
607,^,,^,^,4,,,,,,2,1257,20.95,
608,^,,^,^,2,,,,,,2,1259,20.98,
609,^,,^,^,0,,,,,,2,1261,21.02,
610,^,,^,15,^,,,,,,2,1263,21.05,
611,^,,^,^,2,,,,,,2,1265,21.08,
612,^,,^,^,4,,,,,,2,1267,21.12,
613,^,,^,^,6,,,,,,2,1269,21.15,
614,^,,^,^,8,,,,,,2,1271,21.18,
615,^,,^,^,10,,,,,,2,1273,21.22,
616,^,,^,^,11,,,,,,2,1275,21.25,
617,^,,^,^,12,,,,,,2,1277,21.28,
618,^,,^,^,13,,,,,,2,1279,21.32,
619,^,,^,^,14,,,,,,2,1281,21.35,
620,^  DFMC,,^,^,15,,,,,,2,1283,21.38,
621,0% rudder remaining WT TARE,,-,-,-,Just zero the balance here,,,,,10,1285,21.42,
622,0% rudder remaining,,15,0,0,,,,,,2,1287,21.45,
623,^,,^,^,2,,,,,,2,1289,21.48,
624,^,,^,^,4,,,,,,2,1291,21.52,
625,^,,^,^,6,,,,,,2,1293,21.55,
626,^,,^,^,8,,,,,,2,1295,21.58,
627,^,,^,^,10,,,,,,2,1297,21.62,
628,^,,^,^,11,,,,,,2,1299,21.65,
629,^,,^,^,12,,,,,,2,1301,21.68,
630,^,,^,^,13,,,,,,2,1303,21.72,
631,^,,^,^,14,,,,,,2,1305,21.75,
632,^,,^,^,15,,,,,,2,1307,21.78,
633,^,,^,^,14,,,,,,2,1309,21.82,
634,^,,^,^,15,,,,,,2,1311,21.85,
635,^,,^,2,^,,,,,,2,1313,21.88,
636,^,,^,^,14,,,,,,2,1315,21.92,
637,^,,^,^,13,,,,,,2,1317,21.95,
638,^,,^,^,12,,,,,,2,1319,21.98,
639,^,,^,^,11,,,,,,2,1321,22.02,
640,^,,^,^,10,,,,,,2,1323,22.05,
641,^,,^,^,8,,,,,,2,1325,22.08,
642,^,,^,^,6,,,,,,2,1327,22.12,
643,^,,^,^,4,,,,,,2,1329,22.15,
644,^,,^,^,2,,,,,,2,1331,22.18,
645,^,,^,^,0,,,,,,2,1333,22.22,
646,^,,^,4,^,,,,,,2,1335,22.25,
647,^,,^,^,2,,,,,,2,1337,22.28,
648,^,,^,^,4,,,,,,2,1339,22.32,
649,^,,^,^,6,,,,,,2,1341,22.35,
650,^,,^,^,8,,,,,,2,1343,22.38,
651,^,,^,^,10,,,,,,2,1345,22.42,
652,^,,^,^,11,,,,,,2,1347,22.45,
653,^,,^,^,12,,,,,,2,1349,22.48,
654,^,,^,^,13,,,,,,2,1351,22.52,
655,^,,^,^,14,,,,,,2,1353,22.55,
656,^,,^,^,15,,,,,,2,1355,22.58,
657,^,,^,6,^,,,,,,2,1357,22.62,
658,^,,^,^,14,,,,,,2,1359,22.65,
659,^,,^,^,13,,,,,,2,1361,22.68,
660,^,,^,^,12,,,,,,2,1363,22.72,
661,^,,^,^,11,,,,,,2,1365,22.75,
662,^,,^,^,10,,,,,,2,1367,22.78,
663,^,,^,^,8,,,,,,2,1369,22.82,
664,^,,^,^,6,,,,,,2,1371,22.85,
665,^,,^,^,4,,,,,,2,1373,22.88,
666,^,,^,^,2,,,,,,2,1375,22.92,
667,^,,^,^,0,,,,,,2,1377,22.95,
668,^,,^,8,^,,,,,,2,1379,22.98,
669,^,,^,^,2,,,,,,2,1381,23.02,
670,^,,^,^,4,,,,,,2,1383,23.05,
671,^,,^,^,6,,,,,,2,1385,23.08,
672,^,,^,^,8,,,,,,2,1387,23.12,
673,^,,^,^,10,,,,,,2,1389,23.15,
674,^,,^,^,11,,,,,,2,1391,23.18,
675,^,,^,^,12,,,,,,2,1393,23.22,
676,^,,^,^,13,,,,,,2,1395,23.25,
677,^,,^,^,14,,,,,,2,1397,23.28,
678,^,,^,^,15,,,,,,2,1399,23.32,
679,^,,^,10,^,,,,,,2,1401,23.35,
680,^,,^,^,14,,,,,,2,1403,23.38,
681,^,,^,^,13,,,,,,2,1405,23.42,
682,^,,^,^,12,,,,,,2,1407,23.45,
683,^,,^,^,11,,,,,,2,1409,23.48,
684,^,,^,^,10,,,,,,2,1411,23.52,
685,^,,^,^,8,,,,,,2,1413,23.55,
686,^,,^,^,6,,,,,,2,1415,23.58,
687,^,,^,^,4,,,,,,2,1417,23.62,
688,^,,^,^,2,,,,,,2,1419,23.65,
689,^,,^,^,0,,,,,,2,1421,23.68,
690,^,,^,11,^,,,,,,2,1423,23.72,
691,^,,^,^,2,,,,,,2,1425,23.75,
692,^,,^,^,4,,,,,,2,1427,23.78,
693,^,,^,^,6,,,,,,2,1429,23.82,
694,^,,^,^,8,,,,,,2,1431,23.85,
695,^,,^,^,10,,,,,,2,1433,23.88,
696,^,,^,^,11,,,,,,2,1435,23.92,
697,^,,^,^,12,,,,,,2,1437,23.95,
698,^,,^,^,13,,,,,,2,1439,23.98,
699,^,,^,^,14,,,,,,2,1441,24.02,
700,^,,^,^,15,,,,,,2,1443,24.05,
701,^,,^,12,^,,,,,,2,1445,24.08,
702,^,,^,^,14,,,,,,2,1447,24.12,
703,^,,^,^,13,,,,,,2,1449,24.15,
704,^,,^,^,12,,,,,,2,1451,24.18,
705,^,,^,^,11,,,,,,2,1453,24.22,
706,^,,^,^,10,,,,,,2,1455,24.25,
707,^,,^,^,8,,,,,,2,1457,24.28,
708,^,,^,^,6,,,,,,2,1459,24.32,
709,^,,^,^,4,,,,,,2,1461,24.35,
710,^,,^,^,2,,,,,,2,1463,24.38,
711,^,,^,^,0,,,,,,2,1465,24.42,
712,^,,^,13,^,,,,,,2,1467,24.45,
713,^,,^,^,2,,,,,,2,1469,24.48,
714,^,,^,^,4,,,,,,2,1471,24.52,
715,^,,^,^,6,,,,,,2,1473,24.55,
716,^,,^,^,8,,,,,,2,1475,24.58,
717,^,,^,^,10,,,,,,2,1477,24.62,
718,^,,^,^,11,,,,,,2,1479,24.65,
719,^,,^,^,12,,,,,,2,1481,24.68,
720,^,,^,^,13,,,,,,2,1483,24.72,
721,^,,^,^,14,,,,,,2,1485,24.75,
722,^,,^,^,15,,,,,,2,1487,24.78,
723,^,,^,14,^,,,,,,2,1489,24.82,
724,^,,^,^,14,,,,,,2,1491,24.85,
725,^,,^,^,13,,,,,,2,1493,24.88,
726,^,,^,^,12,,,,,,2,1495,24.92,
727,^,,^,^,11,,,,,,2,1497,24.95,
728,^,,^,^,10,,,,,,2,1499,24.98,
729,^,,^,^,8,,,,,,2,1501,25.02,
730,^,,^,^,6,,,,,,2,1503,25.05,
731,^,,^,^,4,,,,,,2,1505,25.08,
732,^,,^,^,2,,,,,,2,1507,25.12,
733,^,,^,^,0,,,,,,2,1509,25.15,
734,^,,^,15,^,,,,,,2,1511,25.18,
735,^,,^,^,2,,,,,,2,1513,25.22,
736,^,,^,^,4,,,,,,2,1515,25.25,
737,^,,^,^,6,,,,,,2,1517,25.28,
738,^,,^,^,8,,,,,,2,1519,25.32,
739,^,,^,^,10,,,,,,2,1521,25.35,
740,^,,^,^,11,,,,,,2,1523,25.38,
741,^,,^,^,12,,,,,,2,1525,25.42,
742,^,,^,^,13,,,,,,2,1527,25.45,
743,^,,^,^,14,,,,,,2,1529,25.48,
744,^  DFMC,,^,^,15,,,,,,2,1531,25.52,
745,0% rudder UD WT TARE,,-,-,-,Just zero the balance here,,,,,10,1541,25.68,
746,0% rudder remaining UD,,15,0,0,,,,,,2,1543,25.72,
747,^,,^,^,2,,,,,,2,1545,25.75,
748,^,,^,^,4,,,,,,2,1547,25.78,
749,^,,^,^,6,,,,,,2,1549,25.82,
750,^,,^,^,8,,,,,,2,1551,25.85,
751,^,,^,^,10,,,,,,2,1553,25.88,
752,^,,^,^,11,,,,,,2,1555,25.92,
753,^,,^,^,12,,,,,,2,1557,25.95,
754,^,,^,^,13,,,,,,2,1559,25.98,
755,^,,^,^,14,,,,,,2,1561,26.02,
756,^,,^,^,15,,,,,,2,1563,26.05,
757,^,,^,^,14,,,,,,2,1565,26.08,
758,^,,^,^,15,,,,,,2,1567,26.12,
759,^,,^,2,^,,,,,,2,1569,26.15,
760,^,,^,^,14,,,,,,2,1571,26.18,
761,^,,^,^,13,,,,,,2,1573,26.22,
762,^,,^,^,12,,,,,,2,1575,26.25,
763,^,,^,^,11,,,,,,2,1577,26.28,
764,^,,^,^,10,,,,,,2,1579,26.32,
765,^,,^,^,8,,,,,,2,1581,26.35,
766,^,,^,^,6,,,,,,2,1583,26.38,
767,^,,^,^,4,,,,,,2,1585,26.42,
768,^,,^,^,2,,,,,,2,1587,26.45,
769,^,,^,^,0,,,,,,2,1589,26.48,
770,^,,^,4,^,,,,,,2,1591,26.52,
771,^,,^,^,2,,,,,,2,1593,26.55,
772,^,,^,^,4,,,,,,2,1595,26.58,
773,^,,^,^,6,,,,,,2,1597,26.62,
774,^,,^,^,8,,,,,,2,1599,26.65,
775,^,,^,^,10,,,,,,2,1601,26.68,
776,^,,^,^,11,,,,,,2,1603,26.72,
777,^,,^,^,12,,,,,,2,1605,26.75,
778,^,,^,^,13,,,,,,2,1607,26.78,
779,^,,^,^,14,,,,,,2,1609,26.82,
780,^,,^,^,15,,,,,,2,1611,26.85,
781,^,,^,6,^,,,,,,2,1613,26.88,
782,^,,^,^,14,,,,,,2,1615,26.92,
783,^,,^,^,13,,,,,,2,1617,26.95,
784,^,,^,^,12,,,,,,2,1619,26.98,
785,^,,^,^,11,,,,,,2,1621,27.02,
786,^,,^,^,10,,,,,,2,1623,27.05,
787,^,,^,^,8,,,,,,2,1625,27.08,
788,^,,^,^,6,,,,,,2,1627,27.12,
789,^,,^,^,4,,,,,,2,1629,27.15,
790,^,,^,^,2,,,,,,2,1631,27.18,
791,^,,^,^,0,,,,,,2,1633,27.22,
792,^,,^,8,^,,,,,,2,1635,27.25,
793,^,,^,^,2,,,,,,2,1637,27.28,
794,^,,^,^,4,,,,,,2,1639,27.32,
795,^,,^,^,6,,,,,,2,1641,27.35,
796,^,,^,^,8,,,,,,2,1643,27.38,
797,^,,^,^,10,,,,,,2,1645,27.42,
798,^,,^,^,11,,,,,,2,1647,27.45,
799,^,,^,^,12,,,,,,2,1649,27.48,
800,^,,^,^,13,,,,,,2,1651,27.52,
801,^,,^,^,14,,,,,,2,1653,27.55,
802,^,,^,^,15,,,,,,2,1655,27.58,
803,^,,^,10,^,,,,,,2,1657,27.62,
804,^,,^,^,14,,,,,,2,1659,27.65,
805,^,,^,^,13,,,,,,2,1661,27.68,
806,^,,^,^,12,,,,,,2,1663,27.72,
807,^,,^,^,11,,,,,,2,1665,27.75,
808,^,,^,^,10,,,,,,2,1667,27.78,
809,^,,^,^,8,,,,,,2,1669,27.82,
810,^,,^,^,6,,,,,,2,1671,27.85,
811,^,,^,^,4,,,,,,2,1673,27.88,
812,^,,^,^,2,,,,,,2,1675,27.92,
813,^,,^,^,0,,,,,,2,1677,27.95,
814,^,,^,11,^,,,,,,2,1679,27.98,
815,^,,^,^,2,,,,,,2,1681,28.02,
816,^,,^,^,4,,,,,,2,1683,28.05,
817,^,,^,^,6,,,,,,2,1685,28.08,
818,^,,^,^,8,,,,,,2,1687,28.12,
819,^,,^,^,10,,,,,,2,1689,28.15,
820,^,,^,^,11,,,,,,2,1691,28.18,
821,^,,^,^,12,,,,,,2,1693,28.22,
822,^,,^,^,13,,,,,,2,1695,28.25,
823,^,,^,^,14,,,,,,2,1697,28.28,
824,^,,^,^,15,,,,,,2,1699,28.32,
825,^,,^,12,^,,,,,,2,1701,28.35,
826,^,,^,^,14,,,,,,2,1703,28.38,
827,^,,^,^,13,,,,,,2,1705,28.42,
828,^,,^,^,12,,,,,,2,1707,28.45,
829,^,,^,^,11,,,,,,2,1709,28.48,
830,^,,^,^,10,,,,,,2,1711,28.52,
831,^,,^,^,8,,,,,,2,1713,28.55,
832,^,,^,^,6,,,,,,2,1715,28.58,
833,^,,^,^,4,,,,,,2,1717,28.62,
834,^,,^,^,2,,,,,,2,1719,28.65,
835,^,,^,^,0,,,,,,2,1721,28.68,
836,^,,^,13,^,,,,,,2,1723,28.72,
837,^,,^,^,2,,,,,,2,1725,28.75,
838,^,,^,^,4,,,,,,2,1727,28.78,
839,^,,^,^,6,,,,,,2,1729,28.82,
840,^,,^,^,8,,,,,,2,1731,28.85,
841,^,,^,^,10,,,,,,2,1733,28.88,
842,^,,^,^,11,,,,,,2,1735,28.92,
843,^,,^,^,12,,,,,,2,1737,28.95,
844,^,,^,^,13,,,,,,2,1739,28.98,
845,^,,^,^,14,,,,,,2,1741,29.02,
846,^,,^,^,15,,,,,,2,1743,29.05,
847,^,,^,14,^,,,,,,2,1745,29.08,
848,^,,^,^,14,,,,,,2,1747,29.12,
849,^,,^,^,13,,,,,,2,1749,29.15,
850,^,,^,^,12,,,,,,2,1751,29.18,
851,^,,^,^,11,,,,,,2,1753,29.22,
852,^,,^,^,10,,,,,,2,1755,29.25,
853,^,,^,^,8,,,,,,2,1757,29.28,
854,^,,^,^,6,,,,,,2,1759,29.32,
855,^,,^,^,4,,,,,,2,1761,29.35,
856,^,,^,^,2,,,,,,2,1763,29.38,
857,^,,^,^,0,,,,,,2,1765,29.42,
858,^,,^,15,^,,,,,,2,1767,29.45,
859,^,,^,^,2,,,,,,2,1769,29.48,
860,^,,^,^,4,,,,,,2,1771,29.52,
861,^,,^,^,6,,,,,,2,1773,29.55,
862,^,,^,^,8,,,,,,2,1775,29.58,
863,^,,^,^,10,,,,,,2,1777,29.62,
864,^,,^,^,11,,,,,,2,1779,29.65,
865,^,,^,^,12,,,,,,2,1781,29.68,
866,^,,^,^,13,,,,,,2,1783,29.72,
867,^,,^,^,14,,,,,,2,1785,29.75,
868,^  DFMC,,^,^,15,,,,,,2,1787,29.78,
869,100% rudder 50% wing WT TARE,,-,-,-,Just zero the balance here,,,,,10,1789,29.82,
870,100% rudder 50% wing,,15,0,-15,,,,,,2,1791,29.85,
871,^,,^,^,-14,,,,,,2,1793,29.88,
872,^,,^,^,-13,,,,,,2,1795,29.92,
873,^,,^,^,-12,,,,,,2,1797,29.95,
874,^,,^,^,-11,,,,,,2,1799,29.98,
875,^,,^,^,-10,,,,,,2,1801,30.02,
876,^,,^,^,-8,,,,,,2,1803,30.05,
877,^,,^,^,-6,,,,,,2,1805,30.08,
878,^,,^,^,-4,,,,,,2,1807,30.12,
879,^,,^,^,-2,,,,,,2,1809,30.15,
880,^,,^,^,0,,,,,,2,1811,30.18,
881,^,,^,^,2,,,,,,2,1813,30.22,
882,^,,^,^,4,,,,,,2,1815,30.25,
883,^,,^,^,6,,,,,,2,1817,30.28,
884,^,,^,^,8,,,,,,2,1819,30.32,
885,^,,^,^,10,,,,,,2,1821,30.35,
886,^,,^,^,11,,,,,,2,1823,30.38,
887,^,,^,^,12,,,,,,2,1825,30.42,
888,^,,^,^,13,,,,,,2,1827,30.45,
889,^,,^,^,14,,,,,,2,1829,30.48,
890,^,,^,^,15,,,,,,2,1831,30.52,
891,^,,^,2,^,,,,,,2,1833,30.55,
892,^,,^,^,14,,,,,,2,1835,30.58,
893,^,,^,^,13,,,,,,2,1837,30.62,
894,^,,^,^,12,,,,,,2,1839,30.65,
895,^,,^,^,11,,,,,,2,1841,30.68,
896,^,,^,^,10,,,,,,2,1843,30.72,
897,^,,^,^,8,,,,,,2,1845,30.75,
898,^,,^,^,6,,,,,,2,1847,30.78,
899,^,,^,^,4,,,,,,2,1849,30.82,
900,^,,^,^,2,,,,,,2,1851,30.85,
901,^,,^,^,0,,,,,,2,1853,30.88,
902,^,,^,^,-2,,,,,,2,1855,30.92,
903,^,,^,^,-4,,,,,,2,1857,30.95,
904,^,,^,^,-6,,,,,,2,1859,30.98,
905,^,,^,^,-8,,,,,,2,1861,31.02,
906,^,,^,^,-10,,,,,,2,1863,31.05,
907,^,,^,^,-11,,,,,,2,1865,31.08,
908,^,,^,^,-12,,,,,,2,1867,31.12,
909,^,,^,^,-13,,,,,,2,1869,31.15,
910,^,,^,^,-14,,,,,,2,1871,31.18,
911,^,,^,^,-15,,,,,,2,1873,31.22,
912,^,,^,4,^,,,,,,2,1875,31.25,
913,^,,^,^,-14,,,,,,2,1877,31.28,
914,^,,^,^,-13,,,,,,2,1879,31.32,
915,^,,^,^,-12,,,,,,2,1881,31.35,
916,^,,^,^,-11,,,,,,2,1883,31.38,
917,^,,^,^,-10,,,,,,2,1885,31.42,
918,^,,^,^,-8,,,,,,2,1887,31.45,
919,^,,^,^,-6,,,,,,2,1889,31.48,
920,^,,^,^,-4,,,,,,2,1891,31.52,
921,^,,^,^,-2,,,,,,2,1893,31.55,
922,^,,^,^,0,,,,,,2,1895,31.58,
923,^,,^,^,2,,,,,,2,1897,31.62,
924,^,,^,^,4,,,,,,2,1899,31.65,
925,^,,^,^,6,,,,,,2,1901,31.68,
926,^,,^,^,8,,,,,,2,1903,31.72,
927,^,,^,^,10,,,,,,2,1905,31.75,
928,^,,^,^,11,,,,,,2,1907,31.78,
929,^,,^,^,12,,,,,,2,1909,31.82,
930,^,,^,^,13,,,,,,2,1911,31.85,
931,^,,^,^,14,,,,,,2,1913,31.88,
932,^,,^,^,15,,,,,,2,1915,31.92,
933,^,,^,6,^,,,,,,2,1917,31.95,
934,^,,^,^,14,,,,,,2,1919,31.98,
935,^,,^,^,13,,,,,,2,1921,32.02,
936,^,,^,^,12,,,,,,2,1923,32.05,
937,^,,^,^,11,,,,,,2,1925,32.08,
938,^,,^,^,10,,,,,,2,1927,32.12,
939,^,,^,^,8,,,,,,2,1929,32.15,
940,^,,^,^,6,,,,,,2,1931,32.18,
941,^,,^,^,4,,,,,,2,1933,32.22,
942,^,,^,^,2,,,,,,2,1935,32.25,
943,^,,^,^,0,,,,,,2,1937,32.28,
944,^,,^,^,-2,,,,,,2,1939,32.32,
945,^,,^,^,-4,,,,,,2,1941,32.35,
946,^,,^,^,-6,,,,,,2,1943,32.38,
947,^,,^,^,-8,,,,,,2,1945,32.42,
948,^,,^,^,-10,,,,,,2,1947,32.45,
949,^,,^,^,-11,,,,,,2,1949,32.48,
950,^,,^,^,-12,,,,,,2,1951,32.52,
951,^,,^,^,-13,,,,,,2,1953,32.55,
952,^,,^,^,-14,,,,,,2,1955,32.58,
953,^,,^,^,-15,,,,,,2,1957,32.62,
954,^,,^,8,^,,,,,,2,1959,32.65,
955,^,,^,^,-14,,,,,,2,1961,32.68,
956,^,,^,^,-13,,,,,,2,1963,32.72,
957,^,,^,^,-12,,,,,,2,1965,32.75,
958,^,,^,^,-11,,,,,,2,1967,32.78,
959,^,,^,^,-10,,,,,,2,1969,32.82,
960,^,,^,^,-8,,,,,,2,1971,32.85,
961,^,,^,^,-6,,,,,,2,1973,32.88,
962,^,,^,^,-4,,,,,,2,1975,32.92,
963,^,,^,^,-2,,,,,,2,1977,32.95,
964,^,,^,^,0,,,,,,2,1979,32.98,
965,^,,^,^,2,,,,,,2,1981,33.02,
966,^,,^,^,4,,,,,,2,1983,33.05,
967,^,,^,^,6,,,,,,2,1985,33.08,
968,^,,^,^,8,,,,,,2,1987,33.12,
969,^,,^,^,10,,,,,,2,1989,33.15,
970,^,,^,^,11,,,,,,2,1991,33.18,
971,^,,^,^,12,,,,,,2,1993,33.22,
972,^,,^,^,13,,,,,,2,1995,33.25,
973,^,,^,^,14,,,,,,2,1997,33.28,
974,^,,^,^,15,,,,,,2,1999,33.32,
975,^,,^,9,^,,,,,,2,2001,33.35,
976,^,,^,^,14,,,,,,2,2003,33.38,
977,^,,^,^,13,,,,,,2,2005,33.42,
978,^,,^,^,12,,,,,,2,2007,33.45,
979,^,,^,^,11,,,,,,2,2009,33.48,
980,^,,^,^,10,,,,,,2,2011,33.52,
981,^,,^,^,8,,,,,,2,2013,33.55,
982,^,,^,^,6,,,,,,2,2015,33.58,
983,^,,^,^,4,,,,,,2,2017,33.62,
984,^,,^,^,2,,,,,,2,2019,33.65,
985,^,,^,^,0,,,,,,2,2021,33.68,
986,^,,^,^,-2,,,,,,2,2023,33.72,
987,^,,^,^,-4,,,,,,2,2025,33.75,
988,^,,^,^,-6,,,,,,2,2027,33.78,
989,^,,^,^,-8,,,,,,2,2029,33.82,
990,^,,^,^,-10,,,,,,2,2031,33.85,
991,^,,^,^,-11,,,,,,2,2033,33.88,
992,^,,^,^,-12,,,,,,2,2035,33.92,
993,^,,^,^,-13,,,,,,2,2037,33.95,
994,^,,^,^,-14,,,,,,2,2039,33.98,
995,^,,^,^,-15,,,,,,2,2041,34.02,
996,^,,^,10,^,,,,,,2,2043,34.05,
997,^,,^,^,-14,,,,,,2,2045,34.08,
998,^,,^,^,-13,,,,,,2,2047,34.12,
999,^,,^,^,-12,,,,,,2,2049,34.15,
1000,^,,^,^,-11,,,,,,2,2051,34.18,
1001,^,,^,^,-10,,,,,,2,2053,34.22,
1002,^,,^,^,-8,,,,,,2,2055,34.25,
1003,^,,^,^,-6,,,,,,2,2057,34.28,
1004,^,,^,^,-4,,,,,,2,2059,34.32,
1005,^,,^,^,-2,,,,,,2,2061,34.35,
1006,^,,^,^,0,,,,,,2,2063,34.38,
1007,^,,^,^,2,,,,,,2,2065,34.42,
1008,^,,^,^,4,,,,,,2,2067,34.45,
1009,^,,^,^,6,,,,,,2,2069,34.48,
1010,^,,^,^,8,,,,,,2,2071,34.52,
1011,^,,^,^,10,,,,,,2,2073,34.55,
1012,^,,^,^,11,,,,,,2,2075,34.58,
1013,^,,^,^,12,,,,,,2,2077,34.62,
1014,^,,^,^,13,,,,,,2,2079,34.65,
1015,^,,^,^,14,,,,,,2,2081,34.68,
1016,^,,^,^,15,,,,,,2,2083,34.72,
1017,^,,^,11,^,,,,,,2,2085,34.75,
1018,^,,^,^,14,,,,,,2,2087,34.78,
1019,^,,^,^,13,,,,,,2,2089,34.82,
1020,^,,^,^,12,,,,,,2,2091,34.85,
1021,^,,^,^,11,,,,,,2,2093,34.88,
1022,^,,^,^,10,,,,,,2,2095,34.92,
1023,^,,^,^,8,,,,,,2,2097,34.95,
1024,^,,^,^,6,,,,,,2,2099,34.98,
1025,^,,^,^,4,,,,,,2,2101,35.02,
1026,^,,^,^,2,,,,,,2,2103,35.05,
1027,^,,^,^,0,,,,,,2,2105,35.08,
1028,^,,^,^,-2,,,,,,2,2107,35.12,
1029,^,,^,^,-4,,,,,,2,2109,35.15,
1030,^,,^,^,-6,,,,,,2,2111,35.18,
1031,^,,^,^,-8,,,,,,2,2113,35.22,
1032,^,,^,^,-10,,,,,,2,2115,35.25,
1033,^,,^,^,-11,,,,,,2,2117,35.28,
1034,^,,^,^,-12,,,,,,2,2119,35.32,
1035,^,,^,^,-13,,,,,,2,2121,35.35,
1036,^,,^,^,-14,,,,,,2,2123,35.38,
1037,^,,^,^,-15,,,,,,2,2125,35.42,
1038,^,,^,12,^,,,,,,2,2127,35.45,
1039,^,,^,^,-14,,,,,,2,2129,35.48,
1040,^,,^,^,-13,,,,,,2,2131,35.52,
1041,^,,^,^,-12,,,,,,2,2133,35.55,
1042,^,,^,^,-11,,,,,,2,2135,35.58,
1043,^,,^,^,-10,,,,,,2,2137,35.62,
1044,^,,^,^,-8,,,,,,2,2139,35.65,
1045,^,,^,^,-6,,,,,,2,2141,35.68,
1046,^,,^,^,-4,,,,,,2,2143,35.72,
1047,^,,^,^,-2,,,,,,2,2145,35.75,
1048,^,,^,^,0,,,,,,2,2147,35.78,
1049,^,,^,^,2,,,,,,2,2149,35.82,
1050,^,,^,^,4,,,,,,2,2151,35.85,
1051,^,,^,^,6,,,,,,2,2153,35.88,
1052,^,,^,^,8,,,,,,2,2155,35.92,
1053,^,,^,^,10,,,,,,2,2157,35.95,
1054,^,,^,^,11,,,,,,2,2159,35.98,
1055,^,,^,^,12,,,,,,2,2161,36.02,
1056,^,,^,^,13,,,,,,2,2163,36.05,
1057,^,,^,^,14,,,,,,2,2165,36.08,
1058,^,,^,^,15,,,,,,2,2167,36.12,
1059,^,,^,13,^,,,,,,2,2169,36.15,
1060,^,,^,^,14,,,,,,2,2171,36.18,
1061,^,,^,^,13,,,,,,2,2173,36.22,
1062,^,,^,^,12,,,,,,2,2175,36.25,
1063,^,,^,^,11,,,,,,2,2177,36.28,
1064,^,,^,^,10,,,,,,2,2179,36.32,
1065,^,,^,^,8,,,,,,2,2181,36.35,
1066,^,,^,^,6,,,,,,2,2183,36.38,
1067,^,,^,^,4,,,,,,2,2185,36.42,
1068,^,,^,^,2,,,,,,2,2187,36.45,
1069,^,,^,^,0,,,,,,2,2189,36.48,
1070,^,,^,^,-2,,,,,,2,2191,36.52,
1071,^,,^,^,-4,,,,,,2,2193,36.55,
1072,^,,^,^,-6,,,,,,2,2195,36.58,
1073,^,,^,^,-8,,,,,,2,2197,36.62,
1074,^,,^,^,-10,,,,,,2,2199,36.65,
1075,^,,^,^,-11,,,,,,2,2201,36.68,
1076,^,,^,^,-12,,,,,,2,2203,36.72,
1077,^,,^,^,-13,,,,,,2,2205,36.75,
1078,^,,^,^,-14,,,,,,2,2207,36.78,
1079,^,,^,^,-15,,,,,,2,2209,36.82,
1080,^,,^,14,^,,,,,,2,2211,36.85,
1081,^,,^,^,-14,,,,,,2,2213,36.88,
1082,^,,^,^,-13,,,,,,2,2215,36.92,
1083,^,,^,^,-12,,,,,,2,2217,36.95,
1084,^,,^,^,-11,,,,,,2,2219,36.98,
1085,^,,^,^,-10,,,,,,2,2221,37.02,
1086,^,,^,^,-8,,,,,,2,2223,37.05,
1087,^,,^,^,-6,,,,,,2,2225,37.08,
1088,^,,^,^,-4,,,,,,2,2227,37.12,
1089,^,,^,^,-2,,,,,,2,2229,37.15,
1090,^,,^,^,0,,,,,,2,2231,37.18,
1091,^,,^,^,2,,,,,,2,2233,37.22,
1092,^,,^,^,4,,,,,,2,2235,37.25,
1093,^,,^,^,6,,,,,,2,2237,37.28,
1094,^,,^,^,8,,,,,,2,2239,37.32,
1095,^,,^,^,10,,,,,,2,2241,37.35,
1096,^,,^,^,11,,,,,,2,2243,37.38,
1097,^,,^,^,12,,,,,,2,2245,37.42,
1098,^,,^,^,13,,,,,,2,2247,37.45,
1099,^,,^,^,14,,,,,,2,2249,37.48,
1100,^,,^,^,15,,,,,,2,2251,37.52,
1101,^,,^,15,^,,,,,,2,2253,37.55,
1102,^,,^,^,14,,,,,,2,2255,37.58,
1103,^,,^,^,13,,,,,,2,2257,37.62,
1104,^,,^,^,12,,,,,,2,2259,37.65,
1105,^,,^,^,11,,,,,,2,2261,37.68,
1106,^,,^,^,10,,,,,,2,2263,37.72,
1107,^,,^,^,8,,,,,,2,2265,37.75,
1108,^,,^,^,6,,,,,,2,2267,37.78,
1109,^,,^,^,4,,,,,,2,2269,37.82,
1110,^,,^,^,2,,,,,,2,2271,37.85,
1111,^,,^,^,0,,,,,,2,2273,37.88,
1112,^,,^,^,-2,,,,,,2,2275,37.92,
1113,^,,^,^,-4,,,,,,2,2277,37.95,
1114,^,,^,^,-6,,,,,,2,2279,37.98,
1115,^,,^,^,-8,,,,,,2,2281,38.02,
1116,^,,^,^,-10,,,,,,2,2283,38.05,
1117,^,,^,^,-11,,,,,,2,2285,38.08,
1118,^,,^,^,-12,,,,,,2,2287,38.12,
1119,^,,^,^,-13,,,,,,2,2289,38.15,
1120,^,,^,^,-14,,,,,,2,2291,38.18,
1121,^ DFMC,,^,^,-15,,,,,,2,2293,38.22,
1122,25% wing WT TARE,,-,-,-,Just zero the balance here,,,,,10,2303,38.38,
1123,25% wing,,15,0,-15,,,,,,2,2313,38.55,
1124,^,,^,^,-14,,,,,,2,2315,38.58,
1125,^,,^,^,-13,,,,,,2,2317,38.62,
1126,^,,^,^,-12,,,,,,2,2319,38.65,
1127,^,,^,^,-11,,,,,,2,2321,38.68,
1128,^,,^,^,-10,,,,,,2,2323,38.72,
1129,^,,^,^,-8,,,,,,2,2325,38.75,
1130,^,,^,^,-6,,,,,,2,2327,38.78,
1131,^,,^,^,-4,,,,,,2,2329,38.82,
1132,^,,^,^,-2,,,,,,2,2331,38.85,
1133,^,,^,^,0,,,,,,2,2333,38.88,
1134,^,,^,^,2,,,,,,2,2335,38.92,
1135,^,,^,^,4,,,,,,2,2337,38.95,
1136,^,,^,^,6,,,,,,2,2339,38.98,
1137,^,,^,^,8,,,,,,2,2341,39.02,
1138,^,,^,^,10,,,,,,2,2343,39.05,
1139,^,,^,^,11,,,,,,2,2345,39.08,
1140,^,,^,^,12,,,,,,2,2347,39.12,
1141,^,,^,^,13,,,,,,2,2349,39.15,
1142,^,,^,^,14,,,,,,2,2351,39.18,
1143,^,,^,^,15,,,,,,2,2353,39.22,
1144,^,,^,2,^,,,,,,2,2355,39.25,
1145,^,,^,^,14,,,,,,2,2357,39.28,
1146,^,,^,^,13,,,,,,2,2359,39.32,
1147,^,,^,^,12,,,,,,2,2361,39.35,
1148,^,,^,^,11,,,,,,2,2363,39.38,
1149,^,,^,^,10,,,,,,2,2365,39.42,
1150,^,,^,^,8,,,,,,2,2367,39.45,
1151,^,,^,^,6,,,,,,2,2369,39.48,
1152,^,,^,^,4,,,,,,2,2371,39.52,
1153,^,,^,^,2,,,,,,2,2373,39.55,
1154,^,,^,^,0,,,,,,2,2375,39.58,
1155,^,,^,^,-2,,,,,,2,2377,39.62,
1156,^,,^,^,-4,,,,,,2,2379,39.65,
1157,^,,^,^,-6,,,,,,2,2381,39.68,
1158,^,,^,^,-8,,,,,,2,2383,39.72,
1159,^,,^,^,-10,,,,,,2,2385,39.75,
1160,^,,^,^,-11,,,,,,2,2387,39.78,
1161,^,,^,^,-12,,,,,,2,2389,39.82,
1162,^,,^,^,-13,,,,,,2,2391,39.85,
1163,^,,^,^,-14,,,,,,2,2393,39.88,
1164,^,,^,^,-15,,,,,,2,2395,39.92,
1165,^,,^,4,^,,,,,,2,2397,39.95,
1166,^,,^,^,-14,,,,,,2,2399,39.98,
1167,^,,^,^,-13,,,,,,2,2401,40.02,
1168,^,,^,^,-12,,,,,,2,2403,40.05,
1169,^,,^,^,-11,,,,,,2,2405,40.08,
1170,^,,^,^,-10,,,,,,2,2407,40.12,
1171,^,,^,^,-8,,,,,,2,2409,40.15,
1172,^,,^,^,-6,,,,,,2,2411,40.18,
1173,^,,^,^,-4,,,,,,2,2413,40.22,
1174,^,,^,^,-2,,,,,,2,2415,40.25,
1175,^,,^,^,0,,,,,,2,2417,40.28,
1176,^,,^,^,2,,,,,,2,2419,40.32,
1177,^,,^,^,4,,,,,,2,2421,40.35,
1178,^,,^,^,6,,,,,,2,2423,40.38,
1179,^,,^,^,8,,,,,,2,2425,40.42,
1180,^,,^,^,10,,,,,,2,2427,40.45,
1181,^,,^,^,11,,,,,,2,2429,40.48,
1182,^,,^,^,12,,,,,,2,2431,40.52,
1183,^,,^,^,13,,,,,,2,2433,40.55,
1184,^,,^,^,14,,,,,,2,2435,40.58,
1185,^,,^,^,15,,,,,,2,2437,40.62,
1186,^,,^,6,^,,,,,,2,2439,40.65,
1187,^,,^,^,14,,,,,,2,2441,40.68,
1188,^,,^,^,13,,,,,,2,2443,40.72,
1189,^,,^,^,12,,,,,,2,2445,40.75,
1190,^,,^,^,11,,,,,,2,2447,40.78,
1191,^,,^,^,10,,,,,,2,2449,40.82,
1192,^,,^,^,8,,,,,,2,2451,40.85,
1193,^,,^,^,6,,,,,,2,2453,40.88,
1194,^,,^,^,4,,,,,,2,2455,40.92,
1195,^,,^,^,2,,,,,,2,2457,40.95,
1196,^,,^,^,0,,,,,,2,2459,40.98,
1197,^,,^,^,-2,,,,,,2,2461,41.02,
1198,^,,^,^,-4,,,,,,2,2463,41.05,
1199,^,,^,^,-6,,,,,,2,2465,41.08,
1200,^,,^,^,-8,,,,,,2,2467,41.12,
1201,^,,^,^,-10,,,,,,2,2469,41.15,
1202,^,,^,^,-11,,,,,,2,2471,41.18,
1203,^,,^,^,-12,,,,,,2,2473,41.22,
1204,^,,^,^,-13,,,,,,2,2475,41.25,
1205,^,,^,^,-14,,,,,,2,2477,41.28,
1206,^,,^,^,-15,,,,,,2,2479,41.32,
1207,^,,^,8,^,,,,,,2,2481,41.35,
1208,^,,^,^,-14,,,,,,2,2483,41.38,
1209,^,,^,^,-13,,,,,,2,2485,41.42,
1210,^,,^,^,-12,,,,,,2,2487,41.45,
1211,^,,^,^,-11,,,,,,2,2489,41.48,
1212,^,,^,^,-10,,,,,,2,2491,41.52,
1213,^,,^,^,-8,,,,,,2,2493,41.55,
1214,^,,^,^,-6,,,,,,2,2495,41.58,
1215,^,,^,^,-4,,,,,,2,2497,41.62,
1216,^,,^,^,-2,,,,,,2,2499,41.65,
1217,^,,^,^,0,,,,,,2,2501,41.68,
1218,^,,^,^,2,,,,,,2,2503,41.72,
1219,^,,^,^,4,,,,,,2,2505,41.75,
1220,^,,^,^,6,,,,,,2,2507,41.78,
1221,^,,^,^,8,,,,,,2,2509,41.82,
1222,^,,^,^,10,,,,,,2,2511,41.85,
1223,^,,^,^,11,,,,,,2,2513,41.88,
1224,^,,^,^,12,,,,,,2,2515,41.92,
1225,^,,^,^,13,,,,,,2,2517,41.95,
1226,^,,^,^,14,,,,,,2,2519,41.98,
1227,^,,^,^,15,,,,,,2,2521,42.02,
1228,^,,^,9,^,,,,,,2,2523,42.05,
1229,^,,^,^,14,,,,,,2,2525,42.08,
1230,^,,^,^,13,,,,,,2,2527,42.12,
1231,^,,^,^,12,,,,,,2,2529,42.15,
1232,^,,^,^,11,,,,,,2,2531,42.18,
1233,^,,^,^,10,,,,,,2,2533,42.22,
1234,^,,^,^,8,,,,,,2,2535,42.25,
1235,^,,^,^,6,,,,,,2,2537,42.28,
1236,^,,^,^,4,,,,,,2,2539,42.32,
1237,^,,^,^,2,,,,,,2,2541,42.35,
1238,^,,^,^,0,,,,,,2,2543,42.38,
1239,^,,^,^,-2,,,,,,2,2545,42.42,
1240,^,,^,^,-4,,,,,,2,2547,42.45,
1241,^,,^,^,-6,,,,,,2,2549,42.48,
1242,^,,^,^,-8,,,,,,2,2551,42.52,
1243,^,,^,^,-10,,,,,,2,2553,42.55,
1244,^,,^,^,-11,,,,,,2,2555,42.58,
1245,^,,^,^,-12,,,,,,2,2557,42.62,
1246,^,,^,^,-13,,,,,,2,2559,42.65,
1247,^,,^,^,-14,,,,,,2,2561,42.68,
1248,^,,^,^,-15,,,,,,2,2563,42.72,
1249,^,,^,10,^,,,,,,2,2565,42.75,
1250,^,,^,^,-14,,,,,,2,2567,42.78,
1251,^,,^,^,-13,,,,,,2,2569,42.82,
1252,^,,^,^,-12,,,,,,2,2571,42.85,
1253,^,,^,^,-11,,,,,,2,2573,42.88,
1254,^,,^,^,-10,,,,,,2,2575,42.92,
1255,^,,^,^,-8,,,,,,2,2577,42.95,
1256,^,,^,^,-6,,,,,,2,2579,42.98,
1257,^,,^,^,-4,,,,,,2,2581,43.02,
1258,^,,^,^,-2,,,,,,2,2583,43.05,
1259,^,,^,^,0,,,,,,2,2585,43.08,
1260,^,,^,^,2,,,,,,2,2587,43.12,
1261,^,,^,^,4,,,,,,2,2589,43.15,
1262,^,,^,^,6,,,,,,2,2591,43.18,
1263,^,,^,^,8,,,,,,2,2593,43.22,
1264,^,,^,^,10,,,,,,2,2595,43.25,
1265,^,,^,^,11,,,,,,2,2597,43.28,
1266,^,,^,^,12,,,,,,2,2599,43.32,
1267,^,,^,^,13,,,,,,2,2601,43.35,
1268,^,,^,^,14,,,,,,2,2603,43.38,
1269,^,,^,^,15,,,,,,2,2605,43.42,
1270,^,,^,11,^,,,,,,2,2607,43.45,
1271,^,,^,^,14,,,,,,2,2609,43.48,
1272,^,,^,^,13,,,,,,2,2611,43.52,
1273,^,,^,^,12,,,,,,2,2613,43.55,
1274,^,,^,^,11,,,,,,2,2615,43.58,
1275,^,,^,^,10,,,,,,2,2617,43.62,
1276,^,,^,^,8,,,,,,2,2619,43.65,
1277,^,,^,^,6,,,,,,2,2621,43.68,
1278,^,,^,^,4,,,,,,2,2623,43.72,
1279,^,,^,^,2,,,,,,2,2625,43.75,
1280,^,,^,^,0,,,,,,2,2627,43.78,
1281,^,,^,^,-2,,,,,,2,2629,43.82,
1282,^,,^,^,-4,,,,,,2,2631,43.85,
1283,^,,^,^,-6,,,,,,2,2633,43.88,
1284,^,,^,^,-8,,,,,,2,2635,43.92,
1285,^,,^,^,-10,,,,,,2,2637,43.95,
1286,^,,^,^,-11,,,,,,2,2639,43.98,
1287,^,,^,^,-12,,,,,,2,2641,44.02,
1288,^,,^,^,-13,,,,,,2,2643,44.05,
1289,^,,^,^,-14,,,,,,2,2645,44.08,
1290,^,,^,^,-15,,,,,,2,2647,44.12,
1291,^,,^,12,^,,,,,,2,2649,44.15,
1292,^,,^,^,-14,,,,,,2,2651,44.18,
1293,^,,^,^,-13,,,,,,2,2653,44.22,
1294,^,,^,^,-12,,,,,,2,2655,44.25,
1295,^,,^,^,-11,,,,,,2,2657,44.28,
1296,^,,^,^,-10,,,,,,2,2659,44.32,
1297,^,,^,^,-8,,,,,,2,2661,44.35,
1298,^,,^,^,-6,,,,,,2,2663,44.38,
1299,^,,^,^,-4,,,,,,2,2665,44.42,
1300,^,,^,^,-2,,,,,,2,2667,44.45,
1301,^,,^,^,0,,,,,,2,2669,44.48,
1302,^,,^,^,2,,,,,,2,2671,44.52,
1303,^,,^,^,4,,,,,,2,2673,44.55,
1304,^,,^,^,6,,,,,,2,2675,44.58,
1305,^,,^,^,8,,,,,,2,2677,44.62,
1306,^,,^,^,10,,,,,,2,2679,44.65,
1307,^,,^,^,11,,,,,,2,2681,44.68,
1308,^,,^,^,12,,,,,,2,2683,44.72,
1309,^,,^,^,13,,,,,,2,2685,44.75,
1310,^,,^,^,14,,,,,,2,2687,44.78,
1311,^,,^,^,15,,,,,,2,2689,44.82,
1312,^,,^,13,^,,,,,,2,2691,44.85,
1313,^,,^,^,14,,,,,,2,2693,44.88,
1314,^,,^,^,13,,,,,,2,2695,44.92,
1315,^,,^,^,12,,,,,,2,2697,44.95,
1316,^,,^,^,11,,,,,,2,2699,44.98,
1317,^,,^,^,10,,,,,,2,2701,45.02,
1318,^,,^,^,8,,,,,,2,2703,45.05,
1319,^,,^,^,6,,,,,,2,2705,45.08,
1320,^,,^,^,4,,,,,,2,2707,45.12,
1321,^,,^,^,2,,,,,,2,2709,45.15,
1322,^,,^,^,0,,,,,,2,2711,45.18,
1323,^,,^,^,-2,,,,,,2,2713,45.22,
1324,^,,^,^,-4,,,,,,2,2715,45.25,
1325,^,,^,^,-6,,,,,,2,2717,45.28,
1326,^,,^,^,-8,,,,,,2,2719,45.32,
1327,^,,^,^,-10,,,,,,2,2721,45.35,
1328,^,,^,^,-11,,,,,,2,2723,45.38,
1329,^,,^,^,-12,,,,,,2,2725,45.42,
1330,^,,^,^,-13,,,,,,2,2727,45.45,
1331,^,,^,^,-14,,,,,,2,2729,45.48,
1332,^,,^,^,-15,,,,,,2,2731,45.52,
1333,^,,^,14,^,,,,,,2,2733,45.55,
1334,^,,^,^,-14,,,,,,2,2735,45.58,
1335,^,,^,^,-13,,,,,,2,2737,45.62,
1336,^,,^,^,-12,,,,,,2,2739,45.65,
1337,^,,^,^,-11,,,,,,2,2741,45.68,
1338,^,,^,^,-10,,,,,,2,2743,45.72,
1339,^,,^,^,-8,,,,,,2,2745,45.75,
1340,^,,^,^,-6,,,,,,2,2747,45.78,
1341,^,,^,^,-4,,,,,,2,2749,45.82,
1342,^,,^,^,-2,,,,,,2,2751,45.85,
1343,^,,^,^,0,,,,,,2,2753,45.88,
1344,^,,^,^,2,,,,,,2,2755,45.92,
1345,^,,^,^,4,,,,,,2,2757,45.95,
1346,^,,^,^,6,,,,,,2,2759,45.98,
1347,^,,^,^,8,,,,,,2,2761,46.02,
1348,^,,^,^,10,,,,,,2,2763,46.05,
1349,^,,^,^,11,,,,,,2,2765,46.08,
1350,^,,^,^,12,,,,,,2,2767,46.12,
1351,^,,^,^,13,,,,,,2,2769,46.15,
1352,^,,^,^,14,,,,,,2,2771,46.18,
1353,^,,^,^,15,,,,,,2,2773,46.22,
1354,^,,^,15,^,,,,,,2,2775,46.25,
1355,^,,^,^,14,,,,,,2,2777,46.28,
1356,^,,^,^,13,,,,,,2,2779,46.32,
1357,^,,^,^,12,,,,,,2,2781,46.35,
1358,^,,^,^,11,,,,,,2,2783,46.38,
1359,^,,^,^,10,,,,,,2,2785,46.42,
1360,^,,^,^,8,,,,,,2,2787,46.45,
1361,^,,^,^,6,,,,,,2,2789,46.48,
1362,^,,^,^,4,,,,,,2,2791,46.52,
1363,^,,^,^,2,,,,,,2,2793,46.55,
1364,^,,^,^,0,,,,,,2,2795,46.58,
1365,^,,^,^,-2,,,,,,2,2797,46.62,
1366,^,,^,^,-4,,,,,,2,2799,46.65,
1367,^,,^,^,-6,,,,,,2,2801,46.68,
1368,^,,^,^,-8,,,,,,2,2803,46.72,
1369,^,,^,^,-10,,,,,,2,2805,46.75,
1370,^,,^,^,-11,,,,,,2,2807,46.78,
1371,^,,^,^,-12,,,,,,2,2809,46.82,
1372,^,,^,^,-13,,,,,,2,2811,46.85,
1373,^,,^,^,-14,,,,,,2,2813,46.88,
1374,^ DFMC,,^,^,-15,,,,,,2,2815,46.92,
1375,0% wing WT TARE,,-,-,-,Just zero the balance here,,,,,10,2817,46.95,
1376,0% wing,,15,0,-15,,,,,,2,2819,46.98,
1377,^,,^,^,-14,,,,,,2,2821,47.02,
1378,^,,^,^,-13,,,,,,2,2823,47.05,
1379,^,,^,^,-12,,,,,,2,2825,47.08,
1380,^,,^,^,-11,,,,,,2,2827,47.12,
1381,^,,^,^,-10,,,,,,2,2829,47.15,
1382,^,,^,^,-8,,,,,,2,2831,47.18,
1383,^,,^,^,-6,,,,,,2,2833,47.22,
1384,^,,^,^,-4,,,,,,2,2835,47.25,
1385,^,,^,^,-2,,,,,,2,2837,47.28,
1386,^,,^,^,0,,,,,,2,2839,47.32,
1387,^,,^,^,2,,,,,,2,2841,47.35,
1388,^,,^,^,4,,,,,,2,2843,47.38,
1389,^,,^,^,6,,,,,,2,2845,47.42,
1390,^,,^,^,8,,,,,,2,2847,47.45,
1391,^,,^,^,10,,,,,,2,2849,47.48,
1392,^,,^,^,11,,,,,,2,2851,47.52,
1393,^,,^,^,12,,,,,,2,2853,47.55,
1394,^,,^,^,13,,,,,,2,2855,47.58,
1395,^,,^,^,14,,,,,,2,2857,47.62,
1396,^,,^,^,15,,,,,,2,2859,47.65,
1397,^,,^,2,^,,,,,,2,2861,47.68,
1398,^,,^,^,14,,,,,,2,2863,47.72,
1399,^,,^,^,13,,,,,,2,2865,47.75,
1400,^,,^,^,12,,,,,,2,2867,47.78,
1401,^,,^,^,11,,,,,,2,2869,47.82,
1402,^,,^,^,10,,,,,,2,2871,47.85,
1403,^,,^,^,8,,,,,,2,2873,47.88,
1404,^,,^,^,6,,,,,,2,2875,47.92,
1405,^,,^,^,4,,,,,,2,2877,47.95,
1406,^,,^,^,2,,,,,,2,2879,47.98,
1407,^,,^,^,0,,,,,,2,2881,48.02,
1408,^,,^,^,-2,,,,,,2,2883,48.05,
1409,^,,^,^,-4,,,,,,2,2885,48.08,
1410,^,,^,^,-6,,,,,,2,2887,48.12,
1411,^,,^,^,-8,,,,,,2,2889,48.15,
1412,^,,^,^,-10,,,,,,2,2891,48.18,
1413,^,,^,^,-11,,,,,,2,2893,48.22,
1414,^,,^,^,-12,,,,,,2,2895,48.25,
1415,^,,^,^,-13,,,,,,2,2897,48.28,
1416,^,,^,^,-14,,,,,,2,2899,48.32,
1417,^,,^,^,-15,,,,,,2,2901,48.35,
1418,^,,^,4,^,,,,,,2,2903,48.38,
1419,^,,^,^,-14,,,,,,2,2905,48.42,
1420,^,,^,^,-13,,,,,,2,2907,48.45,
1421,^,,^,^,-12,,,,,,2,2909,48.48,
1422,^,,^,^,-11,,,,,,2,2911,48.52,
1423,^,,^,^,-10,,,,,,2,2913,48.55,
1424,^,,^,^,-8,,,,,,2,2915,48.58,
1425,^,,^,^,-6,,,,,,2,2917,48.62,
1426,^,,^,^,-4,,,,,,2,2919,48.65,
1427,^,,^,^,-2,,,,,,2,2921,48.68,
1428,^,,^,^,0,,,,,,2,2923,48.72,
1429,^,,^,^,2,,,,,,2,2925,48.75,
1430,^,,^,^,4,,,,,,2,2927,48.78,
1431,^,,^,^,6,,,,,,2,2929,48.82,
1432,^,,^,^,8,,,,,,2,2931,48.85,
1433,^,,^,^,10,,,,,,2,2933,48.88,
1434,^,,^,^,11,,,,,,2,2935,48.92,
1435,^,,^,^,12,,,,,,2,2937,48.95,
1436,^,,^,^,13,,,,,,2,2939,48.98,
1437,^,,^,^,14,,,,,,2,2941,49.02,
1438,^,,^,^,15,,,,,,2,2943,49.05,
1439,^,,^,6,^,,,,,,2,2945,49.08,
1440,^,,^,^,14,,,,,,2,2947,49.12,
1441,^,,^,^,13,,,,,,2,2949,49.15,
1442,^,,^,^,12,,,,,,2,2951,49.18,
1443,^,,^,^,11,,,,,,2,2953,49.22,
1444,^,,^,^,10,,,,,,2,2955,49.25,
1445,^,,^,^,8,,,,,,2,2957,49.28,
1446,^,,^,^,6,,,,,,2,2959,49.32,
1447,^,,^,^,4,,,,,,2,2961,49.35,
1448,^,,^,^,2,,,,,,2,2963,49.38,
1449,^,,^,^,0,,,,,,2,2965,49.42,
1450,^,,^,^,-2,,,,,,2,2967,49.45,
1451,^,,^,^,-4,,,,,,2,2969,49.48,
1452,^,,^,^,-6,,,,,,2,2971,49.52,
1453,^,,^,^,-8,,,,,,2,2973,49.55,
1454,^,,^,^,-10,,,,,,2,2975,49.58,
1455,^,,^,^,-11,,,,,,2,2977,49.62,
1456,^,,^,^,-12,,,,,,2,2979,49.65,
1457,^,,^,^,-13,,,,,,2,2981,49.68,
1458,^,,^,^,-14,,,,,,2,2983,49.72,
1459,^,,^,^,-15,,,,,,2,2985,49.75,
1460,^,,^,8,^,,,,,,2,2987,49.78,
1461,^,,^,^,-14,,,,,,2,2989,49.82,
1462,^,,^,^,-13,,,,,,2,2991,49.85,
1463,^,,^,^,-12,,,,,,2,2993,49.88,
1464,^,,^,^,-11,,,,,,2,2995,49.92,
1465,^,,^,^,-10,,,,,,2,2997,49.95,
1466,^,,^,^,-8,,,,,,2,2999,49.98,
1467,^,,^,^,-6,,,,,,2,3001,50.02,
1468,^,,^,^,-4,,,,,,2,3003,50.05,
1469,^,,^,^,-2,,,,,,2,3005,50.08,
1470,^,,^,^,0,,,,,,2,3007,50.12,
1471,^,,^,^,2,,,,,,2,3009,50.15,
1472,^,,^,^,4,,,,,,2,3011,50.18,
1473,^,,^,^,6,,,,,,2,3013,50.22,
1474,^,,^,^,8,,,,,,2,3015,50.25,
1475,^,,^,^,10,,,,,,2,3017,50.28,
1476,^,,^,^,11,,,,,,2,3019,50.32,
1477,^,,^,^,12,,,,,,2,3021,50.35,
1478,^,,^,^,13,,,,,,2,3023,50.38,
1479,^,,^,^,14,,,,,,2,3025,50.42,
1480,^,,^,^,15,,,,,,2,3027,50.45,
1481,^,,^,9,^,,,,,,2,3029,50.48,
1482,^,,^,^,14,,,,,,2,3031,50.52,
1483,^,,^,^,13,,,,,,2,3033,50.55,
1484,^,,^,^,12,,,,,,2,3035,50.58,
1485,^,,^,^,11,,,,,,2,3037,50.62,
1486,^,,^,^,10,,,,,,2,3039,50.65,
1487,^,,^,^,8,,,,,,2,3041,50.68,
1488,^,,^,^,6,,,,,,2,3043,50.72,
1489,^,,^,^,4,,,,,,2,3045,50.75,
1490,^,,^,^,2,,,,,,2,3047,50.78,
1491,^,,^,^,0,,,,,,2,3049,50.82,
1492,^,,^,^,-2,,,,,,2,3051,50.85,
1493,^,,^,^,-4,,,,,,2,3053,50.88,
1494,^,,^,^,-6,,,,,,2,3055,50.92,
1495,^,,^,^,-8,,,,,,2,3057,50.95,
1496,^,,^,^,-10,,,,,,2,3059,50.98,
1497,^,,^,^,-11,,,,,,2,3061,51.02,
1498,^,,^,^,-12,,,,,,2,3063,51.05,
1499,^,,^,^,-13,,,,,,2,3065,51.08,
1500,^,,^,^,-14,,,,,,2,3067,51.12,
1501,^,,^,^,-15,,,,,,2,3069,51.15,
1502,^,,^,10,^,,,,,,2,3071,51.18,
1503,^,,^,^,-14,,,,,,2,3073,51.22,
1504,^,,^,^,-13,,,,,,2,3075,51.25,
1505,^,,^,^,-12,,,,,,2,3077,51.28,
1506,^,,^,^,-11,,,,,,2,3079,51.32,
1507,^,,^,^,-10,,,,,,2,3081,51.35,
1508,^,,^,^,-8,,,,,,2,3083,51.38,
1509,^,,^,^,-6,,,,,,2,3085,51.42,
1510,^,,^,^,-4,,,,,,2,3087,51.45,
1511,^,,^,^,-2,,,,,,2,3089,51.48,
1512,^,,^,^,0,,,,,,2,3091,51.52,
1513,^,,^,^,2,,,,,,2,3093,51.55,
1514,^,,^,^,4,,,,,,2,3095,51.58,
1515,^,,^,^,6,,,,,,2,3097,51.62,
1516,^,,^,^,8,,,,,,2,3099,51.65,
1517,^,,^,^,10,,,,,,2,3101,51.68,
1518,^,,^,^,11,,,,,,2,3103,51.72,
1519,^,,^,^,12,,,,,,2,3105,51.75,
1520,^,,^,^,13,,,,,,2,3107,51.78,
1521,^,,^,^,14,,,,,,2,3109,51.82,
1522,^,,^,^,15,,,,,,2,3111,51.85,
1523,^,,^,11,^,,,,,,2,3113,51.88,
1524,^,,^,^,14,,,,,,2,3115,51.92,
1525,^,,^,^,13,,,,,,2,3117,51.95,
1526,^,,^,^,12,,,,,,2,3119,51.98,
1527,^,,^,^,11,,,,,,2,3121,52.02,
1528,^,,^,^,10,,,,,,2,3123,52.05,
1529,^,,^,^,8,,,,,,2,3125,52.08,
1530,^,,^,^,6,,,,,,2,3127,52.12,
1531,^,,^,^,4,,,,,,2,3129,52.15,
1532,^,,^,^,2,,,,,,2,3131,52.18,
1533,^,,^,^,0,,,,,,2,3133,52.22,
1534,^,,^,^,-2,,,,,,2,3135,52.25,
1535,^,,^,^,-4,,,,,,2,3137,52.28,
1536,^,,^,^,-6,,,,,,2,3139,52.32,
1537,^,,^,^,-8,,,,,,2,3141,52.35,
1538,^,,^,^,-10,,,,,,2,3143,52.38,
1539,^,,^,^,-11,,,,,,2,3145,52.42,
1540,^,,^,^,-12,,,,,,2,3147,52.45,
1541,^,,^,^,-13,,,,,,2,3149,52.48,
1542,^,,^,^,-14,,,,,,2,3151,52.52,
1543,^,,^,^,-15,,,,,,2,3153,52.55,
1544,^,,^,12,^,,,,,,2,3155,52.58,
1545,^,,^,^,-14,,,,,,2,3157,52.62,
1546,^,,^,^,-13,,,,,,2,3159,52.65,
1547,^,,^,^,-12,,,,,,2,3161,52.68,
1548,^,,^,^,-11,,,,,,2,3163,52.72,
1549,^,,^,^,-10,,,,,,2,3165,52.75,
1550,^,,^,^,-8,,,,,,2,3167,52.78,
1551,^,,^,^,-6,,,,,,2,3169,52.82,
1552,^,,^,^,-4,,,,,,2,3171,52.85,
1553,^,,^,^,-2,,,,,,2,3173,52.88,
1554,^,,^,^,0,,,,,,2,3175,52.92,
1555,^,,^,^,2,,,,,,2,3177,52.95,
1556,^,,^,^,4,,,,,,2,3179,52.98,
1557,^,,^,^,6,,,,,,2,3181,53.02,
1558,^,,^,^,8,,,,,,2,3183,53.05,
1559,^,,^,^,10,,,,,,2,3185,53.08,
1560,^,,^,^,11,,,,,,2,3187,53.12,
1561,^,,^,^,12,,,,,,2,3189,53.15,
1562,^,,^,^,13,,,,,,2,3191,53.18,
1563,^,,^,^,14,,,,,,2,3193,53.22,
1564,^,,^,^,15,,,,,,2,3195,53.25,
1565,^,,^,13,^,,,,,,2,3197,53.28,
1566,^,,^,^,14,,,,,,2,3199,53.32,
1567,^,,^,^,13,,,,,,2,3201,53.35,
1568,^,,^,^,12,,,,,,2,3203,53.38,
1569,^,,^,^,11,,,,,,2,3205,53.42,
1570,^,,^,^,10,,,,,,2,3207,53.45,
1571,^,,^,^,8,,,,,,2,3209,53.48,
1572,^,,^,^,6,,,,,,2,3211,53.52,
1573,^,,^,^,4,,,,,,2,3213,53.55,
1574,^,,^,^,2,,,,,,2,3215,53.58,
1575,^,,^,^,0,,,,,,2,3217,53.62,
1576,^,,^,^,-2,,,,,,2,3219,53.65,
1577,^,,^,^,-4,,,,,,2,3221,53.68,
1578,^,,^,^,-6,,,,,,2,3223,53.72,
1579,^,,^,^,-8,,,,,,2,3225,53.75,
1580,^,,^,^,-10,,,,,,2,3227,53.78,
1581,^,,^,^,-11,,,,,,2,3229,53.82,
1582,^,,^,^,-12,,,,,,2,3231,53.85,
1583,^,,^,^,-13,,,,,,2,3233,53.88,
1584,^,,^,^,-14,,,,,,2,3235,53.92,
1585,^,,^,^,-15,,,,,,2,3237,53.95,
1586,^,,^,14,^,,,,,,2,3239,53.98,
1587,^,,^,^,-14,,,,,,2,3241,54.02,
1588,^,,^,^,-13,,,,,,2,3243,54.05,
1589,^,,^,^,-12,,,,,,2,3245,54.08,
1590,^,,^,^,-11,,,,,,2,3247,54.12,
1591,^,,^,^,-10,,,,,,2,3249,54.15,
1592,^,,^,^,-8,,,,,,2,3251,54.18,
1593,^,,^,^,-6,,,,,,2,3253,54.22,
1594,^,,^,^,-4,,,,,,2,3255,54.25,
1595,^,,^,^,-2,,,,,,2,3257,54.28,
1596,^,,^,^,0,,,,,,2,3259,54.32,
1597,^,,^,^,2,,,,,,2,3261,54.35,
1598,^,,^,^,4,,,,,,2,3263,54.38,
1599,^,,^,^,6,,,,,,2,3265,54.42,
1600,^,,^,^,8,,,,,,2,3267,54.45,
1601,^,,^,^,10,,,,,,2,3269,54.48,
1602,^,,^,^,11,,,,,,2,3271,54.52,
1603,^,,^,^,12,,,,,,2,3273,54.55,
1604,^,,^,^,13,,,,,,2,3275,54.58,
1605,^,,^,^,14,,,,,,2,3277,54.62,
1606,^,,^,^,15,,,,,,2,3279,54.65,
1607,^,,^,15,^,,,,,,2,3281,54.68,
1608,^,,^,^,14,,,,,,2,3283,54.72,
1609,^,,^,^,13,,,,,,2,3285,54.75,
1610,^,,^,^,12,,,,,,2,3287,54.78,
1611,^,,^,^,11,,,,,,2,3289,54.82,
1612,^,,^,^,10,,,,,,2,3291,54.85,
1613,^,,^,^,8,,,,,,2,3293,54.88,
1614,^,,^,^,6,,,,,,2,3295,54.92,
1615,^,,^,^,4,,,,,,2,3297,54.95,
1616,^,,^,^,2,,,,,,2,3299,54.98,
1617,^,,^,^,0,,,,,,2,3301,55.02,
1618,^,,^,^,-2,,,,,,2,3303,55.05,
1619,^,,^,^,-4,,,,,,2,3305,55.08,
1620,^,,^,^,-6,,,,,,2,3307,55.12,
1621,^,,^,^,-8,,,,,,2,3309,55.15,
1622,^,,^,^,-10,,,,,,2,3311,55.18,
1623,^,,^,^,-11,,,,,,2,3313,55.22,
1624,^,,^,^,-12,,,,,,2,3315,55.25,
1625,^,,^,^,-13,,,,,,2,3317,55.28,
1626,^,,^,^,-14,,,,,,2,3319,55.32,
1627,^,,^,^,-15,,,,,,2,3321,55.35,